/*
Navicat MySQL Data Transfer

Source Server         : mysql
Source Server Version : 50528
Source Host           : localhost:3306
Source Database       : it_farm

Target Server Type    : MYSQL
Target Server Version : 50528
File Encoding         : 65001

Date: 2016-09-08 17:04:38
*/

SET FOREIGN_KEY_CHECKS=0;

-- ----------------------------
-- Table structure for t_article
-- ----------------------------
DROP TABLE IF EXISTS `t_article`;
CREATE TABLE `t_article` (
  `record_id` int(32) NOT NULL AUTO_INCREMENT,
  `title` varchar(200) NOT NULL,
  `title_img` varchar(200) NOT NULL,
  `author_id` int(32) NOT NULL,
  `type_id` int(32) NOT NULL,
  `content` varchar(21299) NOT NULL,
  `keyword` varchar(100) DEFAULT NULL,
  `page_view` int(32) NOT NULL,
  `order_no` int(32) NOT NULL DEFAULT '0',
  `create_time` timestamp NOT NULL DEFAULT '0000-00-00 00:00:00' ON UPDATE CURRENT_TIMESTAMP,
  `modify_time` timestamp NOT NULL DEFAULT '0000-00-00 00:00:00',
  PRIMARY KEY (`record_id`)
) ENGINE=InnoDB AUTO_INCREMENT=25 DEFAULT CHARSET=utf8;

-- ----------------------------
-- Records of t_article
-- ----------------------------
INSERT INTO `t_article` VALUES ('17', '70后入门的程序员给我的启示', '14730369696220.jpg', '1', '1', '<p style=\"font-family:\'microsoft yahei\';color:#444444;font-size:14px;background-color:#FFFFFF;\">\r\n	大家好，我是帅气小伙，今天为大家带来一个非常励志，让我反思的故事。今天为大家讲的是我父亲是如何用行动教会我成为<span class=\"wp_keywordlink\">程序员</span>的。\r\n</p>\r\n<h2 style=\"font-weight:normal;font-family:\'microsoft yahei\';font-size:18px;color:#222222;background:#FFFFFF;\">\r\n	岁月的锤炼\r\n</h2>\r\n<p style=\"font-family:\'microsoft yahei\';color:#444444;font-size:14px;text-align:center;background-color:#FFFFFF;\">\r\n	<img src=\"http://www.phpxs.com/uploads/201606/13/51b8572e39f1db0473d7d61271443398.jpg\" alt=\"\" style=\"height:auto;\" /> \r\n</p>\r\n<p style=\"font-family:\'microsoft yahei\';color:#444444;font-size:14px;text-align:center;background-color:#FFFFFF;\">\r\n	圆口接口的键盘，2003年的\r\n</p>\r\n<p style=\"font-family:\'microsoft yahei\';color:#444444;font-size:14px;background-color:#FFFFFF;\">\r\n	有人问这个键盘难道没有擦过吗？不是的，是擦不掉的岁月痕迹。如果有注意到细节的朋友会发现，程序员什么键位用得最多。除了(ASDW,YUHJ,那是我小时候玩拳王留下的)。这个键盘虽然老旧，但是我爸一直不舍得扔。03年的时候，他从二手市场买会来了这台486Cpu主频的二手电脑，开始自学汇编。我爸是只有初中文化。但是有超强的动手能力。\r\n</p>\r\n<h2 style=\"font-weight:normal;font-family:\'microsoft yahei\';font-size:18px;color:#222222;background:#FFFFFF;\">\r\n	零编程基础入门嵌入式开发\r\n</h2>\r\n<p style=\"font-family:\'microsoft yahei\';color:#444444;font-size:14px;background-color:#FFFFFF;\">\r\n	因为当时03年的时候，他刚从一家电子厂辞职，他在电子厂里看到了单片机这种玩意，他看到了他们工程师的工资和待遇，而当时的他只是一名流水线上的焊锡工，虽然是个组长，但是也感觉到了职业的局限性。（<strong>这也带给我们一个启示，作为男人，如果觉得职业看不到头，趁早换工作吧，如果不趁早，你会在以后的家庭压力中选择妥协，再也看不到头了</strong>。），辞职的第二天，他就买回了这台486赛扬系列的二手电脑，和一台仿真的烧写机器（把程序写到芯片的机器），一本汇编语言入门的书，开始了他12年的嵌入式开发之路。（<strong>这里给我的启示是，说学就学，不要想着看看怎么入门，最好的入门技巧就是动手。</strong>）\r\n</p>\r\n<h2 style=\"font-weight:normal;font-family:\'microsoft yahei\';font-size:18px;color:#222222;background:#FFFFFF;\">\r\n	图书馆抄书的怪蜀黍\r\n</h2>\r\n<p style=\"font-family:\'microsoft yahei\';color:#444444;font-size:14px;background-color:#FFFFFF;\">\r\n	<img class=\"aligncenter\" src=\"http://www.phpxs.com/uploads/201606/13/14657857781.jpg\" alt=\"\" style=\"border:1px solid #E6E6E6;height:auto;\" /><br />\r\n这是他当时学C语言的时候在新华书店偷偷抄的\r\n</p>\r\n<p style=\"font-family:\'microsoft yahei\';color:#444444;font-size:14px;background-color:#FFFFFF;\">\r\n	我记得初中的时候每周六我爸都会带我去新华书店去看书，然后去到那里，每次都是他叫我看着图书馆里员有没有来，然后他就在那里专心地去抄写这些代码片段（<strong>这种学习方法在我看来，现在就是个笑话，随便打开一个网站，代码都是一堆堆的，但是话又说回来，你们在这些源代码中学到了什么，记住了吗？会灵活运用吗？从前辈的学习方法来看，记录一些常用的代码片段还是很用必要的，你的github有一套自己的代码片段吗？如果没有那就赶紧收集！</strong>）但是我爸的笔记，我每次问他，这是什么项目的，他都能记得很清楚，当然他当时入门的时候是非常痛苦的，一个英文单词都不懂，可想而知。<strong>可是大家的基础应该比我爸高很多吧，所以不要怀疑自己是否能够学会编程，是一定能够学会的。</strong> \r\n</p>\r\n<h2 style=\"font-weight:normal;font-family:\'microsoft yahei\';font-size:18px;color:#222222;background:#FFFFFF;\">\r\n	程序员特技—专注\r\n</h2>\r\n<p style=\"font-family:\'microsoft yahei\';color:#444444;font-size:14px;background-color:#FFFFFF;\">\r\n	我的亲人总是对我说：“你啊，坐久了要多起来走走，看看远处，这样子才好”。可是我觉得大部分程序员都做不到，因为编程是根本停不下来的，一旦你入门之后，你就会有种时刻想创造的感觉。这是写程序写出来的专注。说到这，我就想问问大家：“<strong>你能够专注多少个小时？</strong>”，我把这个问题抛给了我爸，我爸笑着跟我说：“<strong>用煤气，把一个装满水的平底锅烧穿需要多少时间？</strong>”。这是他的一次真实的经历，那是他在用汇编语言编写一个MP3播放器，在调试的过程中，忘记了自己在烧开水，幸亏煤气烧完了！说这个故事只想告诉大家一个道理：“<strong>写程序你必要保持高度的专注，但是不能够疲劳过度地专注。</strong>”\r\n</p>\r\n<h2 style=\"font-weight:normal;font-family:\'microsoft yahei\';font-size:18px;color:#222222;background:#FFFFFF;\">\r\n	编程需要的是流程再造\r\n</h2>\r\n<p style=\"font-family:\'microsoft yahei\';color:#444444;font-size:14px;background-color:#FFFFFF;\">\r\n	软件工程跟建筑学很像，它们都是基于现实的技术，搭建最好的解决方案。“钢筋，混凝土”这些都是做好的，都可以直接拿来用，编程也是如此，嵌入式开发也是如此。\r\n</p>\r\n<p style=\"font-family:\'microsoft yahei\';color:#444444;font-size:14px;text-align:center;background-color:#FFFFFF;\">\r\n	<img class=\"aligncenter\" src=\"http://www.phpxs.com/uploads/201606/13/14657857782.jpg\" alt=\"\" style=\"border:1px solid #E6E6E6;height:auto;\" /> \r\n</p>\r\n<p style=\"font-family:\'microsoft yahei\';color:#444444;font-size:14px;text-align:center;background-color:#FFFFFF;\">\r\n	这是一块移植了UCOSII系统的STM32实验板\r\n</p>\r\n<p style=\"font-family:\'microsoft yahei\';color:#444444;font-size:14px;background-color:#FFFFFF;\">\r\n	这块板嵌入了UCOSII系统，可同时执行多个任务，并可指定任务优先级。通俗地说，你可以边听音乐边打字。虽然看起来很低级，但是嵌入式就是这样。很高端吧，但是我一问我爸，你是怎么做出来这块板的，你真的这么厉害用C语言写了一个操作系统？\r\n</p>\r\n<p style=\"font-family:\'microsoft yahei\';color:#444444;font-size:14px;background-color:#FFFFFF;\">\r\n	板子是自己画的，其他的芯片都是买的，CPU程序是自己写进去的。原来嵌入式开发所做的事就是负责把<strong>各个功能模块合理设计，用程序去调度。现在成熟的芯片都是厂商写好了程序，提供外部调用接口，开发人员并不需要了解他里面的内容就可以开发了。</strong>这对我以后学编程启发很大。我的老师曾经说过：“<strong>软件工程师之所以能够写出解决实际问题的程序，是因为他们懂得流程再造，用现实的轮子（技术）去实现这个流程</strong>”。想成为一名软件工程师首要的不是编程语言能力的把握有多么厉害，而是懂得把现实生活中繁琐的流程通过计算机科学来简化，我觉得这才是真正的软件工程师。我爸的编程基础虽然没我强，但是流程再造的能力比我强太多了。也许这就是经验吧。\r\n</p>\r\n<p style=\"font-family:\'microsoft yahei\';color:#444444;font-size:14px;background-color:#FFFFFF;\">\r\n	<img class=\"aligncenter\" src=\"http://www.phpxs.com/uploads/201606/13/14657857793.jpg\" alt=\"\" style=\"border:1px solid #E6E6E6;height:auto;\" /> \r\n</p>\r\n<p style=\"font-family:\'microsoft yahei\';color:#444444;font-size:14px;background-color:#FFFFFF;\">\r\n	这是它给我提供的串口应答式发送的流程（可能有错）\r\n</p>\r\n<h2 style=\"font-weight:normal;font-family:\'microsoft yahei\';font-size:18px;color:#222222;background:#FFFFFF;\">\r\n	我把我爸逼成了伪全栈\r\n</h2>\r\n<p style=\"font-family:\'microsoft yahei\';color:#444444;font-size:14px;background-color:#FFFFFF;\">\r\n	大二时候的我，学了C#,会做一下简单的winform程序，然后就开始飘飘然了，跟我爸吹牛了，当时我爸高兴坏了，直接就给我接了一个真实的项目，真金白银啊，我当时还傻傻地答应了。由于是真实的项目，程序的容错必须很高，你不能够点几下就throwexception吧，但是我做的项目都是校园里面的实验，过家家玩的而已，虽然老师给了好评，这都是大学里面的花拳绣腿。真正派上用场的时候，确显得苍白无力。理所当然，我的程序终将不能按时完成。我爸意识到了，他笑着跟我说：“你教我学C#吧，我们一起探讨这个程序。”，没办法啊，只能让我爸去学吧，一个星期后，他开始于我并行开发，这是我跟我爸同台工作最好的回忆；为什么我爸能够在一个星期学会C#(只有C语音基础)？\r\n</p>\r\n<p style=\"font-family:\'microsoft yahei\';color:#444444;font-size:14px;background-color:#FFFFFF;\">\r\n	<strong>语言都是通的，变的只是表达方式，思维和流程是不会变的</strong> \r\n</p>\r\n<p style=\"font-family:\'microsoft yahei\';color:#444444;font-size:14px;background-color:#FFFFFF;\">\r\n	<strong>我们的老师从一开始就教我们画一些简单的流程图，但是我们很多人都觉得他太简单了，没什么意思，于是就开始去追求那些表面华丽的界面，去满足自己好奇而又虚荣的心，但是他们错过的是真正的编程技术，这就是当时的我。有很多人都觉得大学的课程很基础，实际用到项目的很少，是根本不能拿来做项目，书本上学的都过时了。</strong> \r\n</p>\r\n<p style=\"font-family:\'microsoft yahei\';color:#444444;font-size:14px;background-color:#FFFFFF;\">\r\n	<strong>而实际上，书本教会的是我们写字（编程）的姿势（方法），教会我们如何拿笔（写程序），如何写好字（好程序），一旦你学会了就能够写出一手好字（好程序）。所以有很多人写不好字（程序），那就是在小时候练字（初学编程）急于求成，想着去玩（炫耀）。这是我最深刻的反省，也是对各大初学者最好的忠告，编程必须耐得住寂寞！</strong> \r\n</p>\r\n<h2 style=\"font-weight:normal;font-family:\'microsoft yahei\';font-size:18px;color:#222222;background:#FFFFFF;\">\r\n	程序员要时刻认识自己\r\n</h2>\r\n<p style=\"font-family:\'microsoft yahei\';color:#444444;font-size:14px;background-color:#FFFFFF;\">\r\n	当时，我是膨胀了，有点自以为是了，就觉得自己行，然后就答应项目了，结果幸亏我爸厉害，不然可是要赔钱的。作为程序员，必须了解自己的水平上限。<strong>知己知彼（我能做，你不能做），百战不殆（我就是要这么多钱）</strong>。对的，时刻了解自己水平上限是有助于自身价值的评估的，例如你跳槽了，你对比同行，你的水平在哪里。决定市场价格的并不是企业本身，而是社会必要劳动时间（别的程序员要多久才能够做出来）。而最好的认识就是看最新的技术，了解行业的趋势。这次才能够让自己立足于高薪阶层。\r\n</p>\r\n<h2 style=\"font-weight:normal;font-family:\'microsoft yahei\';font-size:18px;color:#222222;background:#FFFFFF;\">\r\n	做一名守信用的程序员\r\n</h2>\r\n<p style=\"font-family:\'microsoft yahei\';color:#444444;font-size:14px;background-color:#FFFFFF;\">\r\n	我爸当时给我说<strong>：”既然你答应了人家，无论你有千百个理由都要给人家完成，完成不了就是你的错，因为你对人家承诺过“。</strong>这不是在讲道理规范，而是一个程序员的职业操守，因为这样，我爸能够接手到很多外包的项目，因为他在别人眼里只有两个字：”可靠“。也许这就是程序员的个人品牌吧，如果你在企业中能够有这样的品牌，能不升职吗？\r\n</p>\r\n<p style=\"font-family:\'microsoft yahei\';color:#444444;font-size:14px;background-color:#FFFFFF;\">\r\n	总有人质问：“我现在学编程晚吗？”，“我30岁之后还能继续写程序吗？”，“学编程难吗？”看完这篇文章后，我相信你不会再问了，因为如果你真的是热爱编程，你就应该像我父亲那样，无论现实如何逼迫，初心永远不忘。虽然，我跟我的父亲没有太多的语言交流，但是这么多年的耳濡目染，足以让我发出：“谨遵父训，不忘初心”。\r\n</p>', '程序员', '23', '0', '2016-09-05 09:08:55', '2016-09-07 07:59:22');
INSERT INTO `t_article` VALUES ('18', '新入行程序员必知这十点', '14730370061500.jpg', '1', '1', '<p style=\"font-family:\'Microsoft Yahei\', \'Helvetica Neue\', Helvetica, Arial, sans-serif;text-indent:2em;font-size:15px;color:#333332;background-color:#FFFFFF;\">\r\n	初出茅庐的你带着仍残留墨香的毕业证书踏上工作岗位，马上就被书上没写的规则和各种繁杂的日常事务来了个下马威。这样的故事实在是司空见惯，编程工作也不例外。\r\n</p>\r\n<p style=\"font-family:\'Microsoft Yahei\', \'Helvetica Neue\', Helvetica, Arial, sans-serif;text-indent:2em;font-size:15px;color:#333332;background-color:#FFFFFF;\">\r\n	没有几个学生能 100% 为自己的第一份真正的工作做好准备。如果你不想成为其中之一，请学学以下这 10 项无需手把手指导就能学会的基本技能：\r\n</p>\r\n<p style=\"font-family:\'Microsoft Yahei\', \'Helvetica Neue\', Helvetica, Arial, sans-serif;text-indent:2em;font-size:15px;color:#333332;background-color:#FFFFFF;\">\r\n	<strong>1、版本控制系统（VCS）</strong> \r\n</p>\r\n<p style=\"font-family:\'Microsoft Yahei\', \'Helvetica Neue\', Helvetica, Arial, sans-serif;text-indent:2em;font-size:15px;color:#333332;background-color:#FFFFFF;\">\r\n	VCS 也许是计算机课程最大的疏漏。这些课程光记得教如何写代码，但却往往忘记教学生如何去管理代码。每一个<span class=\"wp_keywordlink_affiliate\" style=\"font-weight:bold;\">程序员</span>都应该懂得利用 Git 或 Subversion 有效地创建 repository（仓库），编辑与提交代码，进行分支与合并，了解项目工作流。\r\n</p>\r\n<p style=\"font-family:\'Microsoft Yahei\', \'Helvetica Neue\', Helvetica, Arial, sans-serif;text-indent:2em;font-size:15px;color:#333332;background-color:#FFFFFF;\">\r\n	<strong>2、学会写作</strong> \r\n</p>\r\n<p style=\"font-family:\'Microsoft Yahei\', \'Helvetica Neue\', Helvetica, Arial, sans-serif;text-indent:2em;font-size:15px;color:#333332;background-color:#FFFFFF;\">\r\n	身为<span class=\"wp_keywordlink_affiliate\" style=\"font-weight:bold;\">程序员</span>要写的不只有代码。你还要写项目的发布说明，给版本控制写提交消息，在系统里面写漏洞报告。这些和许多地方都需要清晰有效的文字交流—但这个技能计算机科学却很少强调。\r\n</p>\r\n<p style=\"font-family:\'Microsoft Yahei\', \'Helvetica Neue\', Helvetica, Arial, sans-serif;text-indent:2em;font-size:15px;color:#333332;background-color:#FFFFFF;\">\r\n	<strong>3、正则表达式</strong> \r\n</p>\r\n<p style=\"font-family:\'Microsoft Yahei\', \'Helvetica Neue\', Helvetica, Arial, sans-serif;text-indent:2em;font-size:15px;color:#333332;background-color:#FFFFFF;\">\r\n	正则表达式本身就是一门语言，每一个现代程序员都要擅长。每一门现代语言都支持正则表达式或者有相关标准库。如果代码需要校验某字符串是否含有 5 个字符、1 个破折号和 1 个数字，你应该马上就能写出 /^[A-Z]{5}-\\d$/。\r\n</p>\r\n<p style=\"font-family:\'Microsoft Yahei\', \'Helvetica Neue\', Helvetica, Arial, sans-serif;text-indent:2em;font-size:15px;color:#333332;background-color:#FFFFFF;\">\r\n	<strong>4、库的使用</strong> \r\n</p>\r\n<p style=\"font-family:\'Microsoft Yahei\', \'Helvetica Neue\', Helvetica, Arial, sans-serif;text-indent:2em;font-size:15px;color:#333332;background-color:#FFFFFF;\">\r\n	现在已经是 2014 年，所以没人需要用正则表达式从 URL 析取主机名了。因为每一门现代编程语言都有执行常用功能的标准库。\r\n</p>\r\n<p style=\"font-family:\'Microsoft Yahei\', \'Helvetica Neue\', Helvetica, Arial, sans-serif;text-indent:2em;font-size:15px;color:#333332;background-color:#FFFFFF;\">\r\n	程序员需要明白，那些经过开发、测试和调试的代码通常要比自己重新写的代码更好。更重要的是，无需编写的代码实现起来要快得多。\r\n</p>\r\n<p style=\"font-family:\'Microsoft Yahei\', \'Helvetica Neue\', Helvetica, Arial, sans-serif;text-indent:2em;font-size:15px;color:#333332;background-color:#FFFFFF;\">\r\n	<strong>5、SQL</strong> \r\n</p>\r\n<p style=\"font-family:\'Microsoft Yahei\', \'Helvetica Neue\', Helvetica, Arial, sans-serif;text-indent:2em;font-size:15px;color:#333332;background-color:#FFFFFF;\">\r\n	很多人的 SQL 都是在工作中学会的。数据库怎么会是选修课呢？有不用数据库的吗？\r\n</p>\r\n<p style=\"font-family:\'Microsoft Yahei\', \'Helvetica Neue\', Helvetica, Arial, sans-serif;text-indent:2em;font-size:15px;color:#333332;background-color:#FFFFFF;\">\r\n	把数据存进平面文件的时代已经结束了。一切东西都要进出数据库，而 SQL 则是存取数据的语言。这是一门说明性语言，不是程序语言，所以用它来解决问题时需要新的思考方式。每一个程序员都应该了解数据库标准化基础，能够执行 SELECT（及 INNER、OUTER JOIN）、INSERT、UPDATE 和 DELETE。\r\n</p>\r\n<p style=\"font-family:\'Microsoft Yahei\', \'Helvetica Neue\', Helvetica, Arial, sans-serif;text-indent:2em;font-size:15px;color:#333332;background-color:#FFFFFF;\">\r\n	<strong>6、会用IDE、编辑器及CLI工具</strong> \r\n</p>\r\n<p style=\"font-family:\'Microsoft Yahei\', \'Helvetica Neue\', Helvetica, Arial, sans-serif;text-indent:2em;font-size:15px;color:#333332;background-color:#FFFFFF;\">\r\n	只懂用锯子的木匠永远也无法出师，所以计算机专业毕业的人只懂 Notepad 或 pico 令人惊诧。编程工具帮助操纵代码及其他数据，令程序员生活变得容易。所以每一个程序员都应该知道命令行、shell 脚本、find、grep 及 sed 的使用。\r\n</p>\r\n<p style=\"font-family:\'Microsoft Yahei\', \'Helvetica Neue\', Helvetica, Arial, sans-serif;text-indent:2em;font-size:15px;color:#333332;background-color:#FFFFFF;\">\r\n	<strong>7、调试</strong> \r\n</p>\r\n<p style=\"font-family:\'Microsoft Yahei\', \'Helvetica Neue\', Helvetica, Arial, sans-serif;text-indent:2em;font-size:15px;color:#333332;background-color:#FFFFFF;\">\r\n	每一个程序员都应该知道利用交互式调试器或在代码中点缀一些输出语句来调试程序。通过逐步求精来跟踪问题的能力实在是太重要了。\r\n</p>\r\n<p style=\"font-family:\'Microsoft Yahei\', \'Helvetica Neue\', Helvetica, Arial, sans-serif;text-indent:2em;font-size:15px;color:#333332;background-color:#FFFFFF;\">\r\n	<strong>8、防错性编程</strong> \r\n</p>\r\n<p style=\"font-family:\'Microsoft Yahei\', \'Helvetica Neue\', Helvetica, Arial, sans-serif;text-indent:2em;font-size:15px;color:#333332;background-color:#FFFFFF;\">\r\n	错误总是难免的，哪怕是明星程序员也不例外。失控是世界的常态，出错毫不奇怪。防错性编程正是理解了这个事实。如果东西不会不出错，我们就不会检查文件打开成功与否，不会检查客户 ID 是否合法数字，不用测试代码是否允许正确。\r\n</p>\r\n<p style=\"font-family:\'Microsoft Yahei\', \'Helvetica Neue\', Helvetica, Arial, sans-serif;text-indent:2em;font-size:15px;color:#333332;background-color:#FFFFFF;\">\r\n	程序员需要知道，编译器告警是有用的工具，可让我们生活得更舒适，而不是要避而远之的麻烦事。每一个程序员都应该知道为什么每一个 PHP 程序都要这样开头：\r\n</p>\r\n<blockquote style=\"font-weight:bold;font-family:\'Microsoft Yahei\', \'Helvetica Neue\', Helvetica, Arial, sans-serif;font-size:16px;color:#333332;background:url(http://www.phpxs.com/images/icon_quote_s.gif) 10px 10px no-repeat #F4FFEF;\">\r\n	<p style=\"font-weight:inherit;font-family:inherit;text-indent:2em;font-style:inherit;\">\r\n		set_error_reporting(E_ALL)\r\n	</p>\r\n</blockquote>\r\n<p style=\"font-family:\'Microsoft Yahei\', \'Helvetica Neue\', Helvetica, Arial, sans-serif;text-indent:2em;font-size:15px;color:#333332;background-color:#FFFFFF;\">\r\n	每一个 Perl 程序都要写上这些语句：\r\n</p>\r\n<blockquote style=\"font-weight:bold;font-family:\'Microsoft Yahei\', \'Helvetica Neue\', Helvetica, Arial, sans-serif;font-size:16px;color:#333332;background:url(http://www.phpxs.com/images/icon_quote_s.gif) 10px 10px no-repeat #F4FFEF;\">\r\n	<p style=\"font-weight:inherit;font-family:inherit;text-indent:2em;font-style:inherit;\">\r\n		use strict; use warnings;\r\n	</p>\r\n</blockquote>\r\n<p style=\"font-family:\'Microsoft Yahei\', \'Helvetica Neue\', Helvetica, Arial, sans-serif;text-indent:2em;font-size:15px;color:#333332;background-color:#FFFFFF;\">\r\n	<strong>9、团队协作</strong> \r\n</p>\r\n<p style=\"font-family:\'Microsoft Yahei\', \'Helvetica Neue\', Helvetica, Arial, sans-serif;text-indent:2em;font-size:15px;color:#333332;background-color:#FFFFFF;\">\r\n	很少编程工作会让你自己一个人完成，如果你经常这么做，智力会受损，表现会变弱。你的代码必须与别人的交互或者混合。再有才的程序员，如果无法与别人协作，都会给项目造成负面影响，并迅速成为组织的负担。\r\n</p>\r\n<p style=\"font-family:\'Microsoft Yahei\', \'Helvetica Neue\', Helvetica, Arial, sans-serif;text-indent:2em;font-size:15px;color:#333332;background-color:#FFFFFF;\">\r\n	<strong>10、利用现有代码</strong> \r\n</p>\r\n<p style=\"font-family:\'Microsoft Yahei\', \'Helvetica Neue\', Helvetica, Arial, sans-serif;text-indent:2em;font-size:15px;color:#333332;background-color:#FFFFFF;\">\r\n	在学校的时候，每一次作业都是一个新项目。但现实世界不是这样的。对于刚工作的人来说，所接到的第一项任务往往是修改代码漏洞。然后，再在现有代码库的基础上为现有系统增加一个小功能。设计新代码那是几个月后的事情，如果幸运的话。\r\n</p>', '程序员', '3', '0', '2016-09-05 09:09:31', '2016-09-06 09:47:41');
INSERT INTO `t_article` VALUES ('19', '作为一个程序员我最大的遗憾', '14726379702250.png', '1', '1', '<p style=\"font-family:\'microsoft yahei\';color:#444444;font-size:14px;background-color:#FFFFFF;\">\r\n	20多年前我处在了人生的一个十字路口。随着我们用5年时间为出版社（他们希望进入新兴的互联网空间）打造的Deltagraph的终结，我的第二家公司逐渐走向没落。那时我已经有了13年作为<span class=\"wp_keywordlink\">程序员</span>的经验，并且有大概9年运营一家公司的工作经验（在同一时间）。\r\n</p>\r\n<p style=\"font-family:\'microsoft yahei\';color:#444444;font-size:14px;background-color:#FFFFFF;\">\r\n	我不想再兼任两职。我的第一家公司1985年-1987年不仅创建了新的电子表格程序，而且我们还自己发布了出去。我带领公司，除了搞定所有的媒体公关，管理投资人，做了所有常见的业务内容，而且还是三个程序员中的一个，并担任了UI设计师。在87年年初发布了产品之后，我甚至还累得生病了。既担任负责人又做程序员的压力太大了。\r\n</p>\r\n<p style=\"font-family:\'microsoft yahei\';color:#444444;font-size:14px;background-color:#FFFFFF;\">\r\n	<img src=\"http://www.phpxs.com/uploads/201604/21/6f85e2065c85768c8c2a1d4ac35fc8f5.png\" alt=\"\" style=\"height:auto;\" />\r\n</p>\r\n<p style=\"font-family:\'microsoft yahei\';color:#444444;font-size:14px;background-color:#FFFFFF;\">\r\n	因此，基于这些经历，在1994年我可以选择要么进入技术管理领域，要么继续做一个程序员。我选择了程序员，因为我觉得它更容易。然而现在，我终于意识到我真的是大错特错了，尽管我在过去20年时间中工作和交付了很多伟大的东西。要是当时我能逐步转向CTO / CIO /工程副总裁的路线，虽然在那时听上相当新鲜，但却是一个更佳的规划。\r\n</p>\r\n<p style=\"font-family:\'microsoft yahei\';color:#444444;font-size:14px;background-color:#FFFFFF;\">\r\n	我在海湾地区待了一年，大概是在1995年，在苹果公司工作了半年。在感觉苹果公司感觉将要分崩离析的时候，我离开了，回到了得克萨斯州，因为我不想亲眼见证我最喜欢的公司死去。我犯的又一个大错。\r\n</p>\r\n<p style=\"font-family:\'microsoft yahei\';color:#444444;font-size:14px;background-color:#FFFFFF;\">\r\n	一年后，不仅乔布斯回来了，苹果公司开始重新焕发出勃勃生机，而且互联网大爆炸发生了。作为既有经验的程序员，又懂得交付的负责人（那个时候我们要做9个app的主要版本，所有这些我都要为它们构建主磁盘，无需进入热修复，这在当时真的很难做到），我在当时是如何受欢迎可想而知。一旦你有了这些之一的头衔，你就只能保持前进和进步。\r\n</p>\r\n<p style=\"font-family:\'microsoft yahei\';color:#444444;font-size:14px;background-color:#FFFFFF;\">\r\n	我的妹妹30年前一开始是做程序员的，但在第一年就转到管理，并且在过去15年左右的时间里一直在一家大公司担任副总裁。而我工作了两三年的那家旅行公司的创始人聘请了一个15 年前做程序员出身的CEO。当然，换一种类型的工作并不容易，但却是加薪的伟大途径。我妹妹的资产是我的10倍。\r\n</p>\r\n<p style=\"font-family:\'microsoft yahei\';color:#444444;font-size:14px;background-color:#FFFFFF;\">\r\n	这么多年来，我亲眼目睹了作为程序员是被多么的忽略，不管你有多擅长做出改变或改变已破坏的东西。我根本看不到作为程序员（或者甚至是架构师等）的晋升空间，作为一个纯粹的交付“机器”，在一定程度上你根本接触不到改变的权力。再加上经济利益——管理层实质性参与IPO的可能性更高——和其他所有可以获得的东西，成为一个程序员意味着你必须很满足于拥有建设的机会（否则你很难说服自己留在这一行业）。\r\n</p>\r\n<p style=\"font-family:\'microsoft yahei\';color:#444444;font-size:14px;background-color:#FFFFFF;\">\r\n	这么多年来有5年左右的时间，我工作或作为顾问提供帮助在一些最糟糕的地方——无能的，不称职或彻头彻尾的白痴技术管理。具体我就不详细说明了。\r\n</p>\r\n<p style=\"font-family:\'microsoft yahei\';color:#444444;font-size:14px;background-color:#FFFFFF;\">\r\n	一个应聘成为银行工程副总裁的人，曾说过，在管理中他不需要懂得技术，依然可以制定技术决策。同一公司的首席信息官也表示他从不相信任何员工告诉他的事情，但他相信供应商所说的一切。当然，我们知道他在我们买一些没用的东西的时候是拿回扣的，并且不断写关于这些产品对我们有多么有用的文章。然而，事实上我们几乎没怎么使用过这些“好”产品。在我辞职的一段时间后，他被解雇了。悠哉游哉地离开立刻又得到了另一个相似的CIO职位。\r\n</p>\r\n<p style=\"font-family:\'microsoft yahei\';color:#444444;font-size:14px;background-color:#FFFFFF;\">\r\n	我启动的最糟糕的工作一开始我以为真的很棒。一家初创企业在行业中有着他们的利好——他们和他们的对手（不同的利好）都希望上市，并且市场正在升温中。我被聘为第二个程序员。已经聘用了另一个程序员和一个经理来建立一个新的更广泛的在线商店，因为现在的那个在大市场中太不灵活也太慢了。该公司没有技术领导，首席执行官和其他两位创始人都没有技术方面的经验和知识。这个程序员总是夸耀说他的后端代码是多么美妙，而这个经历就只会唯唯诺诺地附和他。我构建了一个前端片段，放了演示，每天检查我的源代码。当我认为是时候整合的时候，我发现那个个程序员在后面10个月的时间里没有做任何检查。当我指出这一点的时候，经理还包庇说，“因为他早就已经检查至完美了。”除了我，没有人认为这样的想法愚不可及。接下来的两个月时间里，我试图拼命地让那3个创始人引入真正能够实现交付的人（我认识几个这样的人才），但他们害怕做任何更改，也害怕承认他们错误地雇用了这两个无能的家伙。最后，我放弃并且离开了。\r\n</p>\r\n<p style=\"font-family:\'microsoft yahei\';color:#444444;font-size:14px;background-color:#FFFFFF;\">\r\n	一年后由于这个程序员仍然一无所成，这两个人一起被炒了鱿鱼。他们试图聘请一些咨询公司，但依然一无所获。此时已经来不及了。因为他们的对手已经成为了一家价值数十亿美元的上市公司，有时我还能在电视上看到他们的广告。当我看到这些广告时，我总是有一种朝电视机扔鞋子的冲动。我们拥有一切，只除了那个该死的在线商店以及现实中实际的技术领先地位。如果我不是程序员而是有决策能力的人，那么我早就用跟踪记录和影响力来做到这些了。但是很遗憾，我只是一个程序员。\r\n</p>\r\n<p style=\"font-family:\'microsoft yahei\';color:#444444;font-size:14px;background-color:#FFFFFF;\">\r\n	我还可以说很多，这里的关键就是，除非你有能力，有权力，有机会，否则你就无法从技术角度改变人们做事的方式。一旦你想要这么做，并且假设你找到最适合的方向，成长的空间依然是有限制的。\r\n</p>\r\n<p style=\"font-family:\'microsoft yahei\';color:#444444;font-size:14px;background-color:#FFFFFF;\">\r\n	1987年初，当我在电视上（电视节目Computer Chronicles）展示我们的产品Trapeze时，另一个主持人Mike Slade是Excel的产品经理。当时年轻的我以为他不过是个小人物（初生牛犊不怕虎，不是吗）。然而后来，他启动了包括ESPN在内的很多公司，在苹果公司担任过各种领导岗位，是乔布斯的一个好朋友，并创办了他自己的风险投资公司。\r\n</p>\r\n<p style=\"font-family:\'microsoft yahei\';color:#444444;font-size:14px;background-color:#FFFFFF;\">\r\n	直到今天我还只是一个程序员。现在谁才是小人物呢？我怀疑我将永远不能真正退休。值得庆幸的是，我在交付上还是不错的（我被我的一个前任经理招到我现在的工作岗位上，因为他知道我能做什么），但我依然要对我现在的处境发牢骚。\r\n</p>\r\n<p style=\"font-family:\'microsoft yahei\';color:#444444;font-size:14px;background-color:#FFFFFF;\">\r\n	做程序员做了将近35年，仍然能够把事情做好，发布仍然是有趣的，并且在这些年来依然能够做到很多令人惊讶的事情。但我依然对没有挑战过领导岗位有着深深的遗憾。从某些方面看，编程是一个容易的选择。除了我曾经非常接近于掌管整个Dotcom公司的时间安排，却没有更近一步，曾经非常接近于乔布斯回归苹果重创辉煌而先行离开，以及最近才有所涉及的领导经验，基本上我了无遗憾。\r\n</p>\r\n<p style=\"font-family:\'microsoft yahei\';color:#444444;font-size:14px;background-color:#FFFFFF;\">\r\n	是的，我很后悔，没有选择另一条路，没有尝试新的旅程，不知道那会让我达到什么样的高点，虽然这会让我错过编写代码的乐趣以及精力枯竭的工作——往往是因为你无法真正解决任何问题。\r\n</p>\r\n<p style=\"font-family:\'microsoft yahei\';color:#444444;font-size:14px;background-color:#FFFFFF;\">\r\n	我来到了一个岔路口，选了那条人比较少的路。直到现在我才明白我心中的遗憾。\r\n</p>', '遗憾', '14', '0', '2016-08-31 18:06:10', '2016-09-07 09:33:49');
INSERT INTO `t_article` VALUES ('20', '有人向我反馈了一个bug', '14726380955200.jpg', '1', '1', '<p style=\"font-size:16px;vertical-align:baseline;color:#2B2B2B;font-family:\'Microsoft YaHei\', 微软雅黑, \'Hiragino Sans GB\', STHeiti, \'WenQuanYi Micro Hei\', SimSun, sans-serif, Lucida, Verdana, serif;\">\r\n	//我是一个前端开发者，但我想这个故事对任何开发者都会引起共鸣的\r\n</p>\r\n<p style=\"font-size:16px;vertical-align:baseline;color:#2B2B2B;font-family:\'Microsoft YaHei\', 微软雅黑, \'Hiragino Sans GB\', STHeiti, \'WenQuanYi Micro Hei\', SimSun, sans-serif, Lucida, Verdana, serif;\">\r\n	有人向你反馈了一个 bug。 “26 楼会议室的灯亮着。它需要被熄灭。”bug 的备注里写道“你应该能在 5 分钟内搞定，只要按一下开关就好了。“&nbsp;你去了 26 楼的会议室。灯的确亮着，但房间里没有灯的开关。\r\n</p>\r\n<p style=\"font-size:16px;vertical-align:baseline;color:#2B2B2B;font-family:\'Microsoft YaHei\', 微软雅黑, \'Hiragino Sans GB\', STHeiti, \'WenQuanYi Micro Hei\', SimSun, sans-serif, Lucida, Verdana, serif;\">\r\n	所以，你准备安装一个。但设计师说，它会破坏房间的美感。另外，墙壁是混凝土。你需要合适的工具才能安装开关。但是，没有人会批准购买这些工具。如果没有合适的工具，安装开关将需要两天。他们希望你现在就能把灯关上，因为他们害怕 CEO 可能心血来潮决定去 26 楼逛逛，并恰好路过了会议室，问为什么灯是亮着的。\r\n</p>\r\n<p style=\"font-size:16px;vertical-align:baseline;color:#2B2B2B;font-family:\'Microsoft YaHei\', 微软雅黑, \'Hiragino Sans GB\', STHeiti, \'WenQuanYi Micro Hei\', SimSun, sans-serif, Lucida, Verdana, serif;\">\r\n	现在你不断地收到邮件，询问为什么会议室的灯还是亮着的。现在你不得不群发一封邮件说明情况，几人开始了一个恐慌的电子邮件链。\r\n</p>\r\n<p style=\"font-size:16px;vertical-align:baseline;color:#2B2B2B;font-family:\'Microsoft YaHei\', 微软雅黑, \'Hiragino Sans GB\', STHeiti, \'WenQuanYi Micro Hei\', SimSun, sans-serif, Lucida, Verdana, serif;\">\r\n	你知道，如果你期待着问题能够被邮件讨论解决（而不实际做点什么），这个问题永远也不会得到修复。bug 系统里，这个 bug 归你处理，而且它的最后期限就是今天。如果问题没有解决，会有麻烦的是你。所以，你设法进到了 26 楼走廊的天花板里，找到了会议室灯的电线，一刀切断。问题解决了。\r\n</p>\r\n<p style=\"font-size:16px;vertical-align:baseline;color:#2B2B2B;font-family:\'Microsoft YaHei\', 微软雅黑, \'Hiragino Sans GB\', STHeiti, \'WenQuanYi Micro Hei\', SimSun, sans-serif, Lucida, Verdana, serif;\">\r\n	为了平息在电子邮件链里的恐慌，你(再次群发邮件)说明了你是如何解决问题的。\r\n</p>\r\n<p style=\"font-size:16px;vertical-align:baseline;color:#2B2B2B;font-family:\'Microsoft YaHei\', 微软雅黑, \'Hiragino Sans GB\', STHeiti, \'WenQuanYi Micro Hei\', SimSun, sans-serif, Lucida, Verdana, serif;\">\r\n	邮箱安静了一阵。当它再次响个不停的时候，每个人都在担心，现在会议室的灯无法开启和关闭。如果 CEO 想在那里开会怎么办？因此，他们要求你“把灯的电线牵引到地下室去”。当有人需要开关灯时，他们会通知你到地下室去，连接或断开电线。\r\n</p>\r\n<p style=\"font-size:16px;vertical-align:baseline;color:#2B2B2B;font-family:\'Microsoft YaHei\', 微软雅黑, \'Hiragino Sans GB\', STHeiti, \'WenQuanYi Micro Hei\', SimSun, sans-serif, Lucida, Verdana, serif;\">\r\n	你抗议这个荒谬的解决方案。你的上司说，“是的，我知道这不理想。但它是现在唯一的解决方案。“\r\n</p>\r\n<p style=\"font-size:16px;vertical-align:baseline;color:#2B2B2B;font-family:\'Microsoft YaHei\', 微软雅黑, \'Hiragino Sans GB\', STHeiti, \'WenQuanYi Micro Hei\', SimSun, sans-serif, Lucida, Verdana, serif;\">\r\n	这时，你面临着选择。你可以照着他们说的做，或者辞职以示抗议，另谋高就。但你知道，一旦你开始了新的工作，新的他们很可能也会要求你做这么白痴的事，如果不是更白痴的话。\r\n</p>\r\n<p style=\"font-size:16px;vertical-align:baseline;color:#2B2B2B;font-family:\'Microsoft YaHei\', 微软雅黑, \'Hiragino Sans GB\', STHeiti, \'WenQuanYi Micro Hei\', SimSun, sans-serif, Lucida, Verdana, serif;\">\r\n	你把 26 楼的电线牵引到了地下室。当你进入地下室后，发现已经有几十条电线挂在墙上，你知道你不是一个人，也知道了这个白痴想法是从哪来的。你调整好了电线，尽人事地贴上标记，默默地向下一个可能处理它的哥们道歉。\r\n</p>\r\n<p style=\"font-size:16px;vertical-align:baseline;color:#2B2B2B;font-family:\'Microsoft YaHei\', 微软雅黑, \'Hiragino Sans GB\', STHeiti, \'WenQuanYi Micro Hei\', SimSun, sans-serif, Lucida, Verdana, serif;\">\r\n	终于，你回到了你的办公桌，你收到了一个新的 report。 QA 重新开启了 bug。bug 描述里说“房间还是亮着。”\r\n</p>\r\n<p style=\"font-size:16px;vertical-align:baseline;color:#2B2B2B;font-family:\'Microsoft YaHei\', 微软雅黑, \'Hiragino Sans GB\', STHeiti, \'WenQuanYi Micro Hei\', SimSun, sans-serif, Lucida, Verdana, serif;\">\r\n	你回到 26 楼的会议室。灯是灭着的。你返回办公桌前，关闭了 bug，注明你已经亲自检查过了。\r\n</p>\r\n<p style=\"font-size:16px;vertical-align:baseline;color:#2B2B2B;font-family:\'Microsoft YaHei\', 微软雅黑, \'Hiragino Sans GB\', STHeiti, \'WenQuanYi Micro Hei\', SimSun, sans-serif, Lucida, Verdana, serif;\">\r\n	QA 再次重新开启了 bug。“房间还亮着”bug 描述里坚持。再次亲眼确认灯泡灭着后，你将情况汇报给了上司。他建议你去地下室检查电线。你抗议说你正直盯盯地看着灯，它就是灭着的。 “我知道，但去检查一下。这样一来你就可以告诉 QA 你确认了所有流程。”\r\n</p>\r\n<p style=\"font-size:16px;vertical-align:baseline;color:#2B2B2B;font-family:\'Microsoft YaHei\', 微软雅黑, \'Hiragino Sans GB\', STHeiti, \'WenQuanYi Micro Hei\', SimSun, sans-serif, Lucida, Verdana, serif;\">\r\n	你叹了口气，前往地下室。果然，电线没有连接，切口两端都好好地被包裹着。它们不可能以任何你能理解的方式导电。\r\n</p>\r\n<p style=\"font-size:16px;vertical-align:baseline;color:#2B2B2B;font-family:\'Microsoft YaHei\', 微软雅黑, \'Hiragino Sans GB\', STHeiti, \'WenQuanYi Micro Hei\', SimSun, sans-serif, Lucida, Verdana, serif;\">\r\n	你向 QA 反馈，你检查了电线，它们没有连接着，你正看着灯泡，它是熄灭的。\r\n</p>\r\n<p style=\"font-size:16px;vertical-align:baseline;color:#2B2B2B;font-family:\'Microsoft YaHei\', 微软雅黑, \'Hiragino Sans GB\', STHeiti, \'WenQuanYi Micro Hei\', SimSun, sans-serif, Lucida, Verdana, serif;\">\r\n	“我不是指灯泡，”QA 说。 “bug 里描述的是房间里的光。房间现在仍然不够暗。你应该拉下百叶窗。“<br />\r\n你回应说百叶窗不归你管，bug 描述的是灯光。\r\n</p>\r\n<p style=\"font-size:16px;vertical-align:baseline;color:#2B2B2B;font-family:\'Microsoft YaHei\', 微软雅黑, \'Hiragino Sans GB\', STHeiti, \'WenQuanYi Micro Hei\', SimSun, sans-serif, Lucida, Verdana, serif;\">\r\n	QA 不相信你，发出一组电子邮件，询问 bug 是否包含百叶窗拉下的问题。\r\n</p>\r\n<p style=\"font-size:16px;vertical-align:baseline;color:#2B2B2B;font-family:\'Microsoft YaHei\', 微软雅黑, \'Hiragino Sans GB\', STHeiti, \'WenQuanYi Micro Hei\', SimSun, sans-serif, Lucida, Verdana, serif;\">\r\n	你很是等待了一会，邮箱又一次响起了。\r\n</p>\r\n<p style=\"font-size:16px;vertical-align:baseline;color:#2B2B2B;font-family:\'Microsoft YaHei\', 微软雅黑, \'Hiragino Sans GB\', STHeiti, \'WenQuanYi Micro Hei\', SimSun, sans-serif, Lucida, Verdana, serif;\">\r\n	“从理论上说，”他们问，“如果光太亮或太暗的话，在 26 楼会议室开会的人能自由拉上或拉下百叶窗吗？”\r\n</p>\r\n<p style=\"font-size:16px;vertical-align:baseline;color:#2B2B2B;font-family:\'Microsoft YaHei\', 微软雅黑, \'Hiragino Sans GB\', STHeiti, \'WenQuanYi Micro Hei\', SimSun, sans-serif, Lucida, Verdana, serif;\">\r\n	是的，他们可以，你回复。&nbsp;“任何一个普通人都能做到吗？他们就不需要你做了吗？“是的，任何普通人。不，他们不会需要你。任何人都可以做到这一点。&nbsp;“太好了。那么，灯光问题暂时到此为止。我会安排如何处理百叶窗的会议。“\r\n</p>\r\n<p style=\"font-size:16px;vertical-align:baseline;color:#2B2B2B;font-family:\'Microsoft YaHei\', 微软雅黑, \'Hiragino Sans GB\', STHeiti, \'WenQuanYi Micro Hei\', SimSun, sans-serif, Lucida, Verdana, serif;\">\r\n	bug 被关闭了。现在，CEO，可能从所有关于 26 楼会议室的讨论中感觉到了什么，希望在那里开会。你收到了几封希望开灯的惊慌失措的邮件。\r\n</p>\r\n<p style=\"font-size:16px;vertical-align:baseline;color:#2B2B2B;font-family:\'Microsoft YaHei\', 微软雅黑, \'Hiragino Sans GB\', STHeiti, \'WenQuanYi Micro Hei\', SimSun, sans-serif, Lucida, Verdana, serif;\">\r\n	你去了地下室，连上电线，并返回办公桌。你的收件箱多了 32 个新的消息。 “出问题了-灯还是熄灭的!”“有个问题-没有灯光!” “你收到我们发的邮件了吗？等等等等。\r\n</p>\r\n<p style=\"font-size:16px;vertical-align:baseline;color:#2B2B2B;font-family:\'Microsoft YaHei\', 微软雅黑, \'Hiragino Sans GB\', STHeiti, \'WenQuanYi Micro Hei\', SimSun, sans-serif, Lucida, Verdana, serif;\">\r\n	第 32 封邮件说道:“没事-灯亮了。”\r\n</p>\r\n<p style=\"font-size:16px;vertical-align:baseline;color:#2B2B2B;font-family:\'Microsoft YaHei\', 微软雅黑, \'Hiragino Sans GB\', STHeiti, \'WenQuanYi Micro Hei\', SimSun, sans-serif, Lucida, Verdana, serif;\">\r\n	这个(指 32 封邮件)过程，或多或少地，在开关灯时反复发生。\r\n</p>\r\n<p style=\"font-size:16px;vertical-align:baseline;color:#2B2B2B;font-family:\'Microsoft YaHei\', 微软雅黑, \'Hiragino Sans GB\', STHeiti, \'WenQuanYi Micro Hei\', SimSun, sans-serif, Lucida, Verdana, serif;\">\r\n	如果要说有什么好消息的话，那就是在会议结束后，大家甚至都忘记了 26 楼有个会议室，你也不需要对它做任何处理。\r\n</p>', 'bug', '7', '0', '2016-08-31 18:08:15', '2016-09-07 08:00:19');
INSERT INTO `t_article` VALUES ('21', '10个新鲜笑话，看一次笑一次，实在没忍住！', '14730369555940.jpg', '1', '3', '<p style=\"text-indent:30px;color:#444444;font-family:\'Microsoft Yahei\', \'Helvetica Neue\', Helvetica, Arial, sans-serif;font-size:15px;background-color:#FFFFFF;\">\r\n	今天小编就跟大家分享10个新鲜出炉的<a href=\"http://www.hahao.cn/201608/1267522/\"><strong>笑话</strong></a>，真的看一次笑一次，实在没能忍住啊，哈哈哈哈~~\r\n</p>\r\n<p style=\"text-indent:30px;color:#444444;font-family:\'Microsoft Yahei\', \'Helvetica Neue\', Helvetica, Arial, sans-serif;font-size:15px;background-color:#FFFFFF;\">\r\n	<img src=\"http://itfarm-admin.oschina.mopaasapp.com/attached/image/20160905/20160905085526_476.jpg\" alt=\"\" />\r\n</p>\r\n<h2 style=\"font-family:\'Microsoft Yahei\', \'Helvetica Neue\', Helvetica, Arial, sans-serif;font-weight:normal;color:#444444;font-size:18px;background-color:#FFFFFF;\">\r\n	<strong>第十名</strong> \r\n</h2>\r\n<p style=\"text-indent:30px;color:#444444;font-family:\'Microsoft Yahei\', \'Helvetica Neue\', Helvetica, Arial, sans-serif;font-size:15px;background-color:#FFFFFF;\">\r\n	昨天中午有个男同事外出，没把手机带走，他老婆不停地打电话来。午睡的女同事被吵烦了，拿过手机大吼：“我们在睡觉，你烦不烦！”结果，那位男同事今天到现在都没来上班！\r\n</p>\r\n<h2 style=\"font-family:\'Microsoft Yahei\', \'Helvetica Neue\', Helvetica, Arial, sans-serif;font-weight:normal;color:#444444;font-size:18px;background-color:#FFFFFF;\">\r\n	<strong>第九名</strong> \r\n</h2>\r\n<p style=\"text-indent:30px;color:#444444;font-family:\'Microsoft Yahei\', \'Helvetica Neue\', Helvetica, Arial, sans-serif;font-size:15px;background-color:#FFFFFF;\">\r\n	下午肚子饿，看见同事桌上有瓶酸奶，想都没想就喝了，一会同事来了大叫到：“我的洗面奶怎么不见了！108块啊！”哥没说话，只是默默的走向厕所，一顿抠嗓子，老难受了，把东西拼命的吐，直到吐出酸水，好不容易吐的差不多了，眼泪叭嚓滴回到座位上时，同事抱着一个瓶子 说：“吓死我了，洗面奶滚到桌子下了，我的酸奶怎么又不见了呢。”哥心里直骂：你奶奶个熊滴，喝你点酸奶，把人往死里整。\r\n</p>\r\n<p style=\"text-indent:30px;color:#444444;font-family:\'Microsoft Yahei\', \'Helvetica Neue\', Helvetica, Arial, sans-serif;font-size:15px;background-color:#FFFFFF;\">\r\n	<img src=\"http://itfarm-admin.oschina.mopaasapp.com/attached/image/20160905/20160905085543_160.jpg\" alt=\"\" />\r\n</p>\r\n<h2 style=\"font-family:\'Microsoft Yahei\', \'Helvetica Neue\', Helvetica, Arial, sans-serif;font-weight:normal;color:#444444;font-size:18px;background-color:#FFFFFF;\">\r\n	<strong>第八名</strong> \r\n</h2>\r\n<p style=\"text-indent:30px;color:#444444;font-family:\'Microsoft Yahei\', \'Helvetica Neue\', Helvetica, Arial, sans-serif;font-size:15px;background-color:#FFFFFF;\">\r\n	有位大爷去人民银行取钱，直接走到窗口，保安过来说：“大爷，按号。”大爷：“啥？”保安：“按号。”大爷心想，不愧是大银行呀，取个钱还要暗号，于是低声对保安说：“天王盖地虎。”保安无奈的帮老爷子按出一张排队票，老爷子心想：吓死我了，居然被我蒙对了！\r\n</p>\r\n<h2 style=\"font-family:\'Microsoft Yahei\', \'Helvetica Neue\', Helvetica, Arial, sans-serif;font-weight:normal;color:#444444;font-size:18px;background-color:#FFFFFF;\">\r\n	<strong>第七名</strong> \r\n</h2>\r\n<p style=\"text-indent:30px;color:#444444;font-family:\'Microsoft Yahei\', \'Helvetica Neue\', Helvetica, Arial, sans-serif;font-size:15px;background-color:#FFFFFF;\">\r\n	一漂亮女同事，她老公给她送午饭，没说话放下就走了。新来的男同事问：刚才那是谁啊？她回答：送外卖的。新来又问：怎么沒给钱？她说：不用给，晚上陪他睡一觉就好了。男同事沉默了，第二天，给她带了四菜一汤的午饭，整个办公室轰然大笑……\r\n</p>\r\n<h2 style=\"font-family:\'Microsoft Yahei\', \'Helvetica Neue\', Helvetica, Arial, sans-serif;font-weight:normal;color:#444444;font-size:18px;background-color:#FFFFFF;\">\r\n	<strong>第六名</strong> \r\n</h2>\r\n<p style=\"text-indent:30px;color:#444444;font-family:\'Microsoft Yahei\', \'Helvetica Neue\', Helvetica, Arial, sans-serif;font-size:15px;background-color:#FFFFFF;\">\r\n	有一孩子问妈妈：当年你为什么嫁给爸爸呀？\r\n</p>\r\n<p style=\"text-indent:30px;color:#444444;font-family:\'Microsoft Yahei\', \'Helvetica Neue\', Helvetica, Arial, sans-serif;font-size:15px;background-color:#FFFFFF;\">\r\n	妈妈说：“当年妈眼睛瞎了，才嫁给你爸！”\r\n</p>\r\n<p style=\"text-indent:30px;color:#444444;font-family:\'Microsoft Yahei\', \'Helvetica Neue\', Helvetica, Arial, sans-serif;font-size:15px;background-color:#FFFFFF;\">\r\n	孩子又问爸爸：咱家怎么这么穷啊？\r\n</p>\r\n<p style=\"text-indent:30px;color:#444444;font-family:\'Microsoft Yahei\', \'Helvetica Neue\', Helvetica, Arial, sans-serif;font-size:15px;background-color:#FFFFFF;\">\r\n	爸爸说：“咱们家的钱都给你妈治眼睛了！”\r\n</p>\r\n<p style=\"text-indent:30px;color:#444444;font-family:\'Microsoft Yahei\', \'Helvetica Neue\', Helvetica, Arial, sans-serif;font-size:15px;background-color:#FFFFFF;\">\r\n	<strong>第五名</strong> \r\n</p>\r\n<p style=\"text-indent:30px;color:#444444;font-family:\'Microsoft Yahei\', \'Helvetica Neue\', Helvetica, Arial, sans-serif;font-size:15px;background-color:#FFFFFF;\">\r\n	<br />\r\n</p>\r\n<p style=\"text-indent:30px;color:#444444;font-family:\'Microsoft Yahei\', \'Helvetica Neue\', Helvetica, Arial, sans-serif;font-size:15px;background-color:#FFFFFF;\">\r\n	饭店里人特别多，一对年轻情侣实在找不到地方了，就和我拼桌，坐在我对面。说实话那女的长得真挺漂亮，我就多看了两眼，结果被那个男的发现了，他啪嚓一下往桌子上放了一个大众的车钥匙想吓我，我仔细一看，我去，辉腾……我啪嚓往桌子上放了个玛莎拉蒂的车钥匙，啪嚓，啪嚓，布加迪、劳斯莱斯，好几个车钥匙我都摔桌子上了，那男的领着女的灰溜溜的走了……真是的，你跟我一个配钥匙的装什么装！\r\n</p>\r\n<p style=\"text-indent:30px;color:#444444;font-family:\'Microsoft Yahei\', \'Helvetica Neue\', Helvetica, Arial, sans-serif;font-size:15px;background-color:#FFFFFF;\">\r\n	<img class=\"aligncenter size-full wp-image-68934\" src=\"http://www.hahao.cn/wp-content/uploads/2016/08/4-85.jpg\" alt=\"10个新鲜笑话，看一次笑一次，实在没忍住！\" width=\"524\" height=\"344\" style=\"height:auto;\" /> \r\n</p>\r\n<h2 style=\"font-family:\'Microsoft Yahei\', \'Helvetica Neue\', Helvetica, Arial, sans-serif;font-weight:normal;color:#444444;font-size:18px;background-color:#FFFFFF;\">\r\n	<strong>第四名</strong> \r\n</h2>\r\n<p style=\"text-indent:30px;color:#444444;font-family:\'Microsoft Yahei\', \'Helvetica Neue\', Helvetica, Arial, sans-serif;font-size:15px;background-color:#FFFFFF;\">\r\n	到银行汇款，车临时停路边上，为了怕交警罚就把朋友留下看车，跟他说有查车的过来了告诉我一声。进去几分钟果然有交警来了，那个朋友风风火火地闯进银行大声吼到：大哥，警察来了，快走啊！尼玛，偌大的一个大厅几十号人，顷刻间寂静无声，然后人潮像洪水一样涌出银行，接着我就被五六个保安按在了地上……真他妈冤！不怕神一样的对手，就怕猪一样的队友！\r\n</p>\r\n<h2 style=\"font-family:\'Microsoft Yahei\', \'Helvetica Neue\', Helvetica, Arial, sans-serif;font-weight:normal;color:#444444;font-size:18px;background-color:#FFFFFF;\">\r\n	<strong>第三名 大爷摔倒系列</strong> \r\n</h2>\r\n<p style=\"text-indent:30px;color:#444444;font-family:\'Microsoft Yahei\', \'Helvetica Neue\', Helvetica, Arial, sans-serif;font-size:15px;background-color:#FFFFFF;\">\r\n	老奶奶开车刚到一路口，便被交警拦下，交警说，“你刚才闯红灯了，根据交规，罚六分，交警伸手示意让奶奶出示驾驶证。奶奶从口袋里摸出两枚一元硬币 递到交警手上说，不用找了！奶奶又接着对交警说，“我以为多大事儿呢，一次六分，我包个月”话毕一脚油门绝尘而去。。。有钱就是这么任性\r\n</p>\r\n<p style=\"text-indent:30px;color:#444444;font-family:\'Microsoft Yahei\', \'Helvetica Neue\', Helvetica, Arial, sans-serif;font-size:15px;background-color:#FFFFFF;\">\r\n	<img src=\"http://itfarm-admin.oschina.mopaasapp.com/attached/image/20160831/20160831223843_773.jpg\" alt=\"\" /> \r\n</p>\r\n<h2 style=\"font-family:\'Microsoft Yahei\', \'Helvetica Neue\', Helvetica, Arial, sans-serif;font-weight:normal;color:#444444;font-size:18px;background-color:#FFFFFF;\">\r\n	<strong>第二名</strong> \r\n</h2>\r\n<p style=\"text-indent:30px;color:#444444;font-family:\'Microsoft Yahei\', \'Helvetica Neue\', Helvetica, Arial, sans-serif;font-size:15px;background-color:#FFFFFF;\">\r\n	啥叫代沟？\r\n</p>\r\n<p style=\"text-indent:30px;color:#444444;font-family:\'Microsoft Yahei\', \'Helvetica Neue\', Helvetica, Arial, sans-serif;font-size:15px;background-color:#FFFFFF;\">\r\n	小学语文题关联词填空：\r\n</p>\r\n<p style=\"text-indent:30px;color:#444444;font-family:\'Microsoft Yahei\', \'Helvetica Neue\', Helvetica, Arial, sans-serif;font-size:15px;background-color:#FFFFFF;\">\r\n	他____牺牲生命，____出卖组织。\r\n</p>\r\n<p style=\"text-indent:30px;color:#444444;font-family:\'Microsoft Yahei\', \'Helvetica Neue\', Helvetica, Arial, sans-serif;font-size:15px;background-color:#FFFFFF;\">\r\n	60后填“宁可，也不”\r\n</p>\r\n<p style=\"text-indent:30px;color:#444444;font-family:\'Microsoft Yahei\', \'Helvetica Neue\', Helvetica, Arial, sans-serif;font-size:15px;background-color:#FFFFFF;\">\r\n	70后填“害怕，所以”\r\n</p>\r\n<p style=\"text-indent:30px;color:#444444;font-family:\'Microsoft Yahei\', \'Helvetica Neue\', Helvetica, Arial, sans-serif;font-size:15px;background-color:#FFFFFF;\">\r\n	80后填“与其，不如”\r\n</p>\r\n<p style=\"text-indent:30px;color:#444444;font-family:\'Microsoft Yahei\', \'Helvetica Neue\', Helvetica, Arial, sans-serif;font-size:15px;background-color:#FFFFFF;\">\r\n	90后填“即使，也要”\r\n</p>\r\n<p style=\"text-indent:30px;color:#444444;font-family:\'Microsoft Yahei\', \'Helvetica Neue\', Helvetica, Arial, sans-serif;font-size:15px;background-color:#FFFFFF;\">\r\n	00后填“白白，忘了”\r\n</p>\r\n<p style=\"text-indent:30px;color:#444444;font-family:\'Microsoft Yahei\', \'Helvetica Neue\', Helvetica, Arial, sans-serif;font-size:15px;background-color:#FFFFFF;\">\r\n	评论：这几个回答分别体现了60后的无畏，70后的无奈，80后的自我，90后的叛逆，00后的呆萌……\r\n</p>\r\n<p style=\"text-indent:30px;color:#444444;font-family:\'Microsoft Yahei\', \'Helvetica Neue\', Helvetica, Arial, sans-serif;font-size:15px;background-color:#FFFFFF;\">\r\n	这不叫代沟，这叫没法玩了！\r\n</p>\r\n<h2 style=\"font-family:\'Microsoft Yahei\', \'Helvetica Neue\', Helvetica, Arial, sans-serif;font-weight:normal;color:#444444;font-size:18px;background-color:#FFFFFF;\">\r\n	<strong>第一名</strong> \r\n</h2>\r\n<p style=\"text-indent:30px;color:#444444;font-family:\'Microsoft Yahei\', \'Helvetica Neue\', Helvetica, Arial, sans-serif;font-size:15px;background-color:#FFFFFF;\">\r\n	一贼将偷来的货车刚刚倒出车库，被农村大爷生擒交给了警察。贼不解，问大爷：“你咋知道这车是偷的?” 大爷答 : “你他娘的一上车，车就自动报警了！”\r\n</p>\r\n<p style=\"text-indent:30px;color:#444444;font-family:\'Microsoft Yahei\', \'Helvetica Neue\', Helvetica, Arial, sans-serif;font-size:15px;background-color:#FFFFFF;\">\r\n	警察问 : “咋报的 ”\r\n</p>\r\n<p style=\"text-indent:30px;color:#444444;font-family:\'Microsoft Yahei\', \'Helvetica Neue\', Helvetica, Arial, sans-serif;font-size:15px;background-color:#FFFFFF;\">\r\n	大爷答 : “请注意，盗车 ! 请注意，盗车 !”\r\n</p>\r\n<p style=\"text-indent:30px;color:#444444;font-family:\'Microsoft Yahei\', \'Helvetica Neue\', Helvetica, Arial, sans-serif;font-size:15px;background-color:#FFFFFF;\">\r\n	贼眼含热泪望着天空自言自语地说 : “没文化太可怕了！没文化太可怕了！”\r\n</p>\r\n<p>\r\n	<br />\r\n</p>', '新鲜笑话', '28', '0', '2016-09-05 09:08:41', '2016-09-06 21:05:32');
INSERT INTO `t_article` VALUES ('22', '做程序猿的老婆应该注意的一些事情', '14730369971400.jpg', '1', '3', '<h1 id=\"线程池的技术背景\" style=\"color:#222222;font-family:\'microsoft yahei\';\">\r\n	<p style=\"font-size:16px;vertical-align:baseline;color:#2B2B2B;font-family:\'Microsoft YaHei\', 微软雅黑, \'Hiragino Sans GB\', STHeiti, \'WenQuanYi Micro Hei\', SimSun, sans-serif, Lucida, Verdana, serif;\">\r\n		今天来说说一位女青年的老公以及他们的事儿。如有雷同，纯属巧合。\r\n	</p>\r\n	<p style=\"font-size:16px;vertical-align:baseline;color:#2B2B2B;font-family:\'Microsoft YaHei\', 微软雅黑, \'Hiragino Sans GB\', STHeiti, \'WenQuanYi Micro Hei\', SimSun, sans-serif, Lucida, Verdana, serif;\">\r\n		十一年前我和程序猿第一次见面，还是大一军训期间。我甚至不确定程序猿是否记得那是第一次见面。当时不小心装伪文艺参加了吉他社，想借一本吉他入门书，然后同在吉他社热心的海哥说他一同学有，就带着我去拿书了。于是我们第一次“见面”了，我只看见一个对着电脑，佝偻着背的背影……严重怀疑程序猿根本没抬头看一眼那个已经晒得像反转熊猫一样的妹子，因为他递过来书以后，又迅速投入到了电脑的怀抱，相对应的，我也不记得他长什么样了。\r\n	</p>\r\n	<p style=\"font-size:16px;vertical-align:baseline;color:#2B2B2B;font-family:\'Microsoft YaHei\', 微软雅黑, \'Hiragino Sans GB\', STHeiti, \'WenQuanYi Micro Hei\', SimSun, sans-serif, Lucida, Verdana, serif;\">\r\n		我从来没有读懂过这个上天用那个背影给我的预警，于是堕入了一生的深渊。\r\n	</p>\r\n	<p style=\"font-size:16px;vertical-align:baseline;color:#2B2B2B;font-family:\'Microsoft YaHei\', 微软雅黑, \'Hiragino Sans GB\', STHeiti, \'WenQuanYi Micro Hei\', SimSun, sans-serif, Lucida, Verdana, serif;\">\r\n		当时的我对计算机、程序猿当时一无所知，只知道这些计算机系的，天然呆居多，玩游戏，不学习，民工气质愈演愈烈，穿着黄色民工拖鞋上课，在食堂和民工大哥们一起吃饭，头发不洗戴帽子遮，没衣服穿了从脏衣服堆里找，喝水的杯子长时间没刷竟然被蜜蜂筑了巢，天天拆别人电脑、烧别人电脑CPU或者对着电脑研究大便（debian）或者聚众看片儿..\r\n	</p>\r\n	<p style=\"font-size:16px;vertical-align:baseline;color:#2B2B2B;font-family:\'Microsoft YaHei\', 微软雅黑, \'Hiragino Sans GB\', STHeiti, \'WenQuanYi Micro Hei\', SimSun, sans-serif, Lucida, Verdana, serif;\">\r\n		即使程序猿后来文艺了一把还加入了一个乐队，当贝屎手，还是乐队里面最天然呆的，只会低头猛弹，不像主唱和吉他风骚。\r\n	</p>\r\n	<p style=\"font-size:16px;vertical-align:baseline;color:#2B2B2B;font-family:\'Microsoft YaHei\', 微软雅黑, \'Hiragino Sans GB\', STHeiti, \'WenQuanYi Micro Hei\', SimSun, sans-serif, Lucida, Verdana, serif;\">\r\n		经过初步了解，配电脑、修电脑、装系统等都可以找程序猿来干。而且程序猿不会油嘴滑舌的。很多妹子也都这么想的，于是大学四年，程序猿钻了不少次各种妹子宿舍，一去就一下午，他说装系统太慢，我暂且就信了吧。\r\n	</p>\r\n	<p style=\"font-size:16px;vertical-align:baseline;color:#2B2B2B;font-family:\'Microsoft YaHei\', 微软雅黑, \'Hiragino Sans GB\', STHeiti, \'WenQuanYi Micro Hei\', SimSun, sans-serif, Lucida, Verdana, serif;\">\r\n		程序猿大四差点没毕业，挂科十几门，从基础课的英语、高数、大物，到专业课的图形学什么的无一幸免，还好最后万分惊险，侥幸过关了。\r\n	</p>\r\n	<p style=\"font-size:16px;vertical-align:baseline;color:#2B2B2B;font-family:\'Microsoft YaHei\', 微软雅黑, \'Hiragino Sans GB\', STHeiti, \'WenQuanYi Micro Hei\', SimSun, sans-serif, Lucida, Verdana, serif;\">\r\n		我问他：你不是喜欢学计算机吗？怎么还学成一坨渣。他说：那些用过时教材的老师才教的是一坨渣。\r\n	</p>\r\n	<p style=\"font-size:16px;vertical-align:baseline;color:#2B2B2B;font-family:\'Microsoft YaHei\', 微软雅黑, \'Hiragino Sans GB\', STHeiti, \'WenQuanYi Micro Hei\', SimSun, sans-serif, Lucida, Verdana, serif;\">\r\n		事实证明，他是对的。我觉得有点莫名其妙，没见过他学习，原来也会写代码啊，还帮别人写了毕业论文，毕业了还顺利找到了工作。\r\n	</p>\r\n	<p style=\"font-size:16px;vertical-align:baseline;color:#2B2B2B;font-family:\'Microsoft YaHei\', 微软雅黑, \'Hiragino Sans GB\', STHeiti, \'WenQuanYi Micro Hei\', SimSun, sans-serif, Lucida, Verdana, serif;\">\r\n		关于毕业后的去向，程序猿是这么说的：国内也就北上广深还有点IT产业，你选个地方吧。我说：那就北京吧。这么着，我们就来帝都了。\r\n	</p>\r\n	<p style=\"font-size:16px;vertical-align:baseline;color:#2B2B2B;font-family:\'Microsoft YaHei\', 微软雅黑, \'Hiragino Sans GB\', STHeiti, \'WenQuanYi Micro Hei\', SimSun, sans-serif, Lucida, Verdana, serif;\">\r\n		七年前在北京，我们的第一份工作，程序猿的起薪还只有2500RMB，我找了份出版社的工作，起薪也是2500RMB。\r\n	</p>\r\n	<p style=\"font-size:16px;vertical-align:baseline;color:#2B2B2B;font-family:\'Microsoft YaHei\', 微软雅黑, \'Hiragino Sans GB\', STHeiti, \'WenQuanYi Micro Hei\', SimSun, sans-serif, Lucida, Verdana, serif;\">\r\n		刚开始工作的两年，在我记忆中是程序猿最最累的时候。两年时间，几乎没有休息过，周一至周五晚上加班到10点、11点以后才回来，甚至更晚或者通宵。周六日白天去公司加班。那时候还在做手机移植。人年轻，通宵一下还能扛得住，通宵后第二天还能继续上班。现在偶尔程序猿也会通宵发版，但是第二天几乎要休息大半天，不服年龄不行。\r\n	</p>\r\n	<p style=\"font-size:16px;vertical-align:baseline;color:#2B2B2B;font-family:\'Microsoft YaHei\', 微软雅黑, \'Hiragino Sans GB\', STHeiti, \'WenQuanYi Micro Hei\', SimSun, sans-serif, Lucida, Verdana, serif;\">\r\n		从大学的时候天天腻歪在一起到后来要适应等待程序猿加班的日子，习惯需要一个过程，也有始终习惯不了的，像我。直到现在，如果程序猿加班很晚回来，我都没有办法睡觉，一定要他回来才能睡，所以身体也跟着一起熬差了。\r\n	</p>\r\n	<p style=\"font-size:16px;vertical-align:baseline;color:#2B2B2B;font-family:\'Microsoft YaHei\', 微软雅黑, \'Hiragino Sans GB\', STHeiti, \'WenQuanYi Micro Hei\', SimSun, sans-serif, Lucida, Verdana, serif;\">\r\n		在北京工作了4年，我俩才考虑结婚，此时他已经换了一次工作，到了一家创业公司，开始做iOS。我比较佩服程序猿的一点在于他对行业发展还是比较敏感的，当时学习iOS就是个例证，以及自己没事儿吹牛说起大学就预测出微博类的产品会火，比特币刚出来几乎还没什么人知道的时候还挖了两天矿等等。但是不知此人是否天生命里没有横财，所以还只是勤勤恳恳打工过日子。\r\n	</p>\r\n	<p style=\"font-size:16px;vertical-align:baseline;color:#2B2B2B;font-family:\'Microsoft YaHei\', 微软雅黑, \'Hiragino Sans GB\', STHeiti, \'WenQuanYi Micro Hei\', SimSun, sans-serif, Lucida, Verdana, serif;\">\r\n		新换到创业公司也成了技术负责人，加班没那么猛了，但是也难看到出路，公司的风格很难改变，所以最后没有相信公司给出硕大的饼。我说如果公司真上市了，所有的期权加起来要上3000w？ 程序猿很平静地说，放心吧，上不了市。\r\n	</p>\r\n	<p style=\"font-size:16px;vertical-align:baseline;color:#2B2B2B;font-family:\'Microsoft YaHei\', 微软雅黑, \'Hiragino Sans GB\', STHeiti, \'WenQuanYi Micro Hei\', SimSun, sans-serif, Lucida, Verdana, serif;\">\r\n		当时公司目标3年还是5年上市，忘记了，反正至今也没上市。\r\n	</p>\r\n	<p style=\"font-size:16px;vertical-align:baseline;color:#2B2B2B;font-family:\'Microsoft YaHei\', 微软雅黑, \'Hiragino Sans GB\', STHeiti, \'WenQuanYi Micro Hei\', SimSun, sans-serif, Lucida, Verdana, serif;\">\r\n		后来程序猿又经过人介绍来到现在的公司，也算国内比较大的公司了，于是又拼命了一段时间，疯狂地加班，后来还算好一些。\r\n	</p>\r\n	<p style=\"font-size:16px;vertical-align:baseline;color:#2B2B2B;font-family:\'Microsoft YaHei\', 微软雅黑, \'Hiragino Sans GB\', STHeiti, \'WenQuanYi Micro Hei\', SimSun, sans-serif, Lucida, Verdana, serif;\">\r\n		七年，从一个年轻小伙熬成了大叔，体重从55kg变成了75kg，从天然呆的码农到在大公司的小经理。非常符合程序猿成长路线。不知是喜是忧。\r\n	</p>\r\n	<p style=\"font-size:16px;vertical-align:baseline;color:#2B2B2B;font-family:\'Microsoft YaHei\', 微软雅黑, \'Hiragino Sans GB\', STHeiti, \'WenQuanYi Micro Hei\', SimSun, sans-serif, Lucida, Verdana, serif;\">\r\n		既然已经嫁给程序猿这么多年了，虽然至今仍然是小白一枚，但是也能总结几点：\r\n	</p>\r\n</h1>\r\n<h2 style=\"font-size:24px;vertical-align:baseline;color:#2B2B2B;font-family:\'Microsoft YaHei\', 微软雅黑, \'Hiragino Sans GB\', STHeiti, \'WenQuanYi Micro Hei\', SimSun, sans-serif, Lucida, Verdana, serif;background:#F6F7FA;\">\r\n	一要耐得住寂寞\r\n</h2>\r\n<p style=\"font-size:16px;vertical-align:baseline;color:#2B2B2B;font-family:\'Microsoft YaHei\', 微软雅黑, \'Hiragino Sans GB\', STHeiti, \'WenQuanYi Micro Hei\', SimSun, sans-serif, Lucida, Verdana, serif;\">\r\n	程序猿永远陪伴电脑的时间比陪媳妇儿时间长，加班相当频繁，要锻炼自己独立入睡。\r\n</p>\r\n<h2 style=\"font-size:24px;vertical-align:baseline;color:#2B2B2B;font-family:\'Microsoft YaHei\', 微软雅黑, \'Hiragino Sans GB\', STHeiti, \'WenQuanYi Micro Hei\', SimSun, sans-serif, Lucida, Verdana, serif;background:#F6F7FA;\">\r\n	二要耐得住落寞\r\n</h2>\r\n<p style=\"font-size:16px;vertical-align:baseline;color:#2B2B2B;font-family:\'Microsoft YaHei\', 微软雅黑, \'Hiragino Sans GB\', STHeiti, \'WenQuanYi Micro Hei\', SimSun, sans-serif, Lucida, Verdana, serif;\">\r\n	也不能说程序猿没有情趣，但是也不能太指望。自从结婚后没有过过任何的纪念日之类的。偶尔会在生日什么的给买个礼物，基本以电子设备为主。\r\n</p>\r\n<h2 style=\"font-size:24px;vertical-align:baseline;color:#2B2B2B;font-family:\'Microsoft YaHei\', 微软雅黑, \'Hiragino Sans GB\', STHeiti, \'WenQuanYi Micro Hei\', SimSun, sans-serif, Lucida, Verdana, serif;background:#F6F7FA;\">\r\n	三要照顾得了程序猿的生活\r\n</h2>\r\n<p style=\"font-size:16px;vertical-align:baseline;color:#2B2B2B;font-family:\'Microsoft YaHei\', 微软雅黑, \'Hiragino Sans GB\', STHeiti, \'WenQuanYi Micro Hei\', SimSun, sans-serif, Lucida, Verdana, serif;\">\r\n	当然大部分的程序猿对衣食标准要求不高，但也别指望他们能做太多。某猿只会每天早上大喊没有袜子穿啦，没有T恤穿啦。\r\n</p>\r\n<p style=\"font-size:16px;vertical-align:baseline;color:#2B2B2B;font-family:\'Microsoft YaHei\', 微软雅黑, \'Hiragino Sans GB\', STHeiti, \'WenQuanYi Micro Hei\', SimSun, sans-serif, Lucida, Verdana, serif;\">\r\n	吃货程序猿也会做几个大菜，但是只是有客人来露一手用的。\r\n</p>\r\n<h2 style=\"font-size:24px;vertical-align:baseline;color:#2B2B2B;font-family:\'Microsoft YaHei\', 微软雅黑, \'Hiragino Sans GB\', STHeiti, \'WenQuanYi Micro Hei\', SimSun, sans-serif, Lucida, Verdana, serif;background:#F6F7FA;\">\r\n	四要给程序猿财务自由去买电子产品\r\n</h2>\r\n<p style=\"font-size:16px;vertical-align:baseline;color:#2B2B2B;font-family:\'Microsoft YaHei\', 微软雅黑, \'Hiragino Sans GB\', STHeiti, \'WenQuanYi Micro Hei\', SimSun, sans-serif, Lucida, Verdana, serif;\">\r\n	比如1k多的机械键盘，1k多的耳机，各种Nk的游戏设备，还有很多其他七七八八的腕带啊之类的。总之要电子设备新出来什么，他们想买就得买，不然他们浑身难受。\r\n</p>\r\n<h2 style=\"font-size:24px;vertical-align:baseline;color:#2B2B2B;font-family:\'Microsoft YaHei\', 微软雅黑, \'Hiragino Sans GB\', STHeiti, \'WenQuanYi Micro Hei\', SimSun, sans-serif, Lucida, Verdana, serif;background:#F6F7FA;\">\r\n	五要会玩三国杀等各类纸牌游戏以及德州扑克\r\n</h2>\r\n<p style=\"font-size:16px;vertical-align:baseline;color:#2B2B2B;font-family:\'Microsoft YaHei\', 微软雅黑, \'Hiragino Sans GB\', STHeiti, \'WenQuanYi Micro Hei\', SimSun, sans-serif, Lucida, Verdana, serif;\">\r\n	坐着不动又能彰显他们智商的牌类游戏最适合程序猿了。\r\n</p>\r\n<h2 style=\"font-size:24px;vertical-align:baseline;color:#2B2B2B;font-family:\'Microsoft YaHei\', 微软雅黑, \'Hiragino Sans GB\', STHeiti, \'WenQuanYi Micro Hei\', SimSun, sans-serif, Lucida, Verdana, serif;background:#F6F7FA;\">\r\n	六参加他们的TB活动的时候要能融入进去\r\n</h2>\r\n<p style=\"font-size:16px;vertical-align:baseline;color:#2B2B2B;font-family:\'Microsoft YaHei\', 微软雅黑, \'Hiragino Sans GB\', STHeiti, \'WenQuanYi Micro Hei\', SimSun, sans-serif, Lucida, Verdana, serif;\">\r\n	比如吃饭就要低头猛吃，饮料猛喝。偶尔听见“来干一下”，就干一下，呵呵一笑，然后继续低头猛吃，饮料猛喝。吃完喝完三国杀或者德州扑克。\r\n</p>\r\n<h2 style=\"font-size:24px;vertical-align:baseline;color:#2B2B2B;font-family:\'Microsoft YaHei\', 微软雅黑, \'Hiragino Sans GB\', STHeiti, \'WenQuanYi Micro Hei\', SimSun, sans-serif, Lucida, Verdana, serif;background:#F6F7FA;\">\r\n	七要听懂一些基本术语\r\n</h2>\r\n<p style=\"font-size:16px;vertical-align:baseline;color:#2B2B2B;font-family:\'Microsoft YaHei\', 微软雅黑, \'Hiragino Sans GB\', STHeiti, \'WenQuanYi Micro Hei\', SimSun, sans-serif, Lucida, Verdana, serif;\">\r\n	比如说bug等、各编程语言名称。能听懂基本的IT笑话，比如前两天刚懂了类风湿的笑话。在iOS的拼写上，不要犯大众错误。\r\n</p>\r\n<h2 style=\"font-size:24px;vertical-align:baseline;color:#2B2B2B;font-family:\'Microsoft YaHei\', 微软雅黑, \'Hiragino Sans GB\', STHeiti, \'WenQuanYi Micro Hei\', SimSun, sans-serif, Lucida, Verdana, serif;background:#F6F7FA;\">\r\n	八要崇拜乔布斯，要记住IT圈各大佬的名儿\r\n</h2>\r\n<p style=\"font-size:16px;vertical-align:baseline;color:#2B2B2B;font-family:\'Microsoft YaHei\', 微软雅黑, \'Hiragino Sans GB\', STHeiti, \'WenQuanYi Micro Hei\', SimSun, sans-serif, Lucida, Verdana, serif;\">\r\n	没事儿多看看IT圈新闻。\r\n</p>\r\n<h2 style=\"font-size:24px;vertical-align:baseline;color:#2B2B2B;font-family:\'Microsoft YaHei\', 微软雅黑, \'Hiragino Sans GB\', STHeiti, \'WenQuanYi Micro Hei\', SimSun, sans-serif, Lucida, Verdana, serif;background:#F6F7FA;\">\r\n	九要提醒提防程序猿病\r\n</h2>\r\n<p style=\"font-size:16px;vertical-align:baseline;color:#2B2B2B;font-family:\'Microsoft YaHei\', 微软雅黑, \'Hiragino Sans GB\', STHeiti, \'WenQuanYi Micro Hei\', SimSun, sans-serif, Lucida, Verdana, serif;\">\r\n	小心眼角膜炎、肩颈疾病、脂肪肝、腱鞘炎。\r\n</p>\r\n<h2 style=\"font-size:24px;vertical-align:baseline;color:#2B2B2B;font-family:\'Microsoft YaHei\', 微软雅黑, \'Hiragino Sans GB\', STHeiti, \'WenQuanYi Micro Hei\', SimSun, sans-serif, Lucida, Verdana, serif;background:#F6F7FA;\">\r\n	十不要太担心程序猿在男女问题方面出问题\r\n</h2>\r\n<p style=\"font-size:16px;vertical-align:baseline;color:#2B2B2B;font-family:\'Microsoft YaHei\', 微软雅黑, \'Hiragino Sans GB\', STHeiti, \'WenQuanYi Micro Hei\', SimSun, sans-serif, Lucida, Verdana, serif;\">\r\n	相信他们更愿意娶个电脑。如果真的出了问题，可能他本质不是程序猿，而是产品或者设计狮。\r\n</p>\r\n<h2 style=\"font-size:24px;vertical-align:baseline;color:#2B2B2B;font-family:\'Microsoft YaHei\', 微软雅黑, \'Hiragino Sans GB\', STHeiti, \'WenQuanYi Micro Hei\', SimSun, sans-serif, Lucida, Verdana, serif;background:#F6F7FA;\">\r\n	十一不要让亲戚朋友们找程序猿买电脑攒电脑修电脑装系统\r\n</h2>\r\n<p style=\"font-size:16px;vertical-align:baseline;color:#2B2B2B;font-family:\'Microsoft YaHei\', 微软雅黑, \'Hiragino Sans GB\', STHeiti, \'WenQuanYi Micro Hei\', SimSun, sans-serif, Lucida, Verdana, serif;\">\r\n	因为程序猿说了，他们不是卖电脑的。\r\n</p>\r\n<h2 style=\"font-size:24px;vertical-align:baseline;color:#2B2B2B;font-family:\'Microsoft YaHei\', 微软雅黑, \'Hiragino Sans GB\', STHeiti, \'WenQuanYi Micro Hei\', SimSun, sans-serif, Lucida, Verdana, serif;background:#F6F7FA;\">\r\n	十二最后一条也是最重要的，要赞美程序猿，欣赏他们的审美，因为编程也是一门艺术。\r\n</h2>\r\n<p style=\"font-size:16px;vertical-align:baseline;color:#2B2B2B;font-family:\'Microsoft YaHei\', 微软雅黑, \'Hiragino Sans GB\', STHeiti, \'WenQuanYi Micro Hei\', SimSun, sans-serif, Lucida, Verdana, serif;\">\r\n	程序猿身上都是有某种气质的，不然现在我们不会那么轻易在大街上的人群中分辨出程序猿。\r\n</p>\r\n<p style=\"font-size:16px;vertical-align:baseline;color:#2B2B2B;font-family:\'Microsoft YaHei\', 微软雅黑, \'Hiragino Sans GB\', STHeiti, \'WenQuanYi Micro Hei\', SimSun, sans-serif, Lucida, Verdana, serif;\">\r\n	因为程序猿是有使命感的，他们定是感受到了命运的召唤，要用计算机改变和毁灭人类的未来，他们已经并即将做到。\r\n</p>\r\n<p style=\"font-size:16px;vertical-align:baseline;color:#2B2B2B;font-family:\'Microsoft YaHei\', 微软雅黑, \'Hiragino Sans GB\', STHeiti, \'WenQuanYi Micro Hei\', SimSun, sans-serif, Lucida, Verdana, serif;\">\r\n	<span style=\"font-style:inherit;font-weight:700;vertical-align:baseline;\">向程序猿们致敬。</span> \r\n</p>\r\n<p style=\"color:#444444;font-family:\'microsoft yahei\';font-size:14px;\">\r\n	<br />\r\n</p>', '程序猿的老婆', '16', '0', '2016-09-05 09:09:22', '2016-09-07 14:12:18');
INSERT INTO `t_article` VALUES ('23', 'asfas', '14730369809340.jpg', '1', '1', 'asdfasdf', '12213sadfsf', '7', '0', '2016-09-05 09:09:06', '2016-09-06 09:47:20');
INSERT INTO `t_article` VALUES ('24', '界面效果图', '14730370279730.jpg', '1', '3', '<p>\r\n	<img src=\"http://itfarm-admin.oschina.mopaasapp.com/attached/image/20160903/20160903101441_363.png\" alt=\"\" /> \r\n</p>\r\n<p>\r\n	求前端大神帮忙做一个首页界面，感激不尽\r\n</p>', '', '29', '0', '2016-09-05 09:09:53', '2016-09-07 08:00:14');

-- ----------------------------
-- Table structure for t_category
-- ----------------------------
DROP TABLE IF EXISTS `t_category`;
CREATE TABLE `t_category` (
  `record_id` int(32) NOT NULL AUTO_INCREMENT,
  `parent_id` int(32) DEFAULT NULL,
  `name` varchar(200) NOT NULL,
  `description` varchar(200) DEFAULT NULL,
  `user_id` int(32) NOT NULL,
  `create_time` timestamp NOT NULL DEFAULT '0000-00-00 00:00:00' ON UPDATE CURRENT_TIMESTAMP,
  `modify_time` timestamp NOT NULL DEFAULT '0000-00-00 00:00:00',
  PRIMARY KEY (`record_id`)
) ENGINE=InnoDB AUTO_INCREMENT=18 DEFAULT CHARSET=utf8;

-- ----------------------------
-- Records of t_category
-- ----------------------------
INSERT INTO `t_category` VALUES ('1', null, '程序人生', 'wqeqe', '1', '2016-09-04 14:54:13', '2016-09-04 14:54:13');
INSERT INTO `t_category` VALUES ('2', null, '技术', null, '6', '2016-08-15 15:32:57', '2016-08-15 15:32:56');
INSERT INTO `t_category` VALUES ('3', null, '扯淡', null, '1', '2016-08-15 15:32:59', '2016-08-15 15:32:58');
INSERT INTO `t_category` VALUES ('14', null, 's213', null, '1', '2016-09-04 14:21:58', '2016-09-04 14:21:58');
INSERT INTO `t_category` VALUES ('17', null, 'WQR', null, '1', '2016-09-04 14:37:53', '2016-09-04 14:37:53');

-- ----------------------------
-- Table structure for t_favorite
-- ----------------------------
DROP TABLE IF EXISTS `t_favorite`;
CREATE TABLE `t_favorite` (
  `record_id` int(32) NOT NULL AUTO_INCREMENT,
  `user_id` int(32) NOT NULL,
  `article_id` int(32) NOT NULL,
  `article_title` varchar(200) DEFAULT NULL,
  `create_time` timestamp NOT NULL DEFAULT CURRENT_TIMESTAMP ON UPDATE CURRENT_TIMESTAMP,
  PRIMARY KEY (`record_id`)
) ENGINE=InnoDB AUTO_INCREMENT=11 DEFAULT CHARSET=utf8;

-- ----------------------------
-- Records of t_favorite
-- ----------------------------
INSERT INTO `t_favorite` VALUES ('1', '1', '22', '123', '2016-09-05 11:19:23');
INSERT INTO `t_favorite` VALUES ('3', '1', '21', '沈克是个大煞笔', '2016-09-05 11:31:53');
INSERT INTO `t_favorite` VALUES ('4', '1', '21', '沈克是个大煞笔', '2016-09-05 11:31:57');
INSERT INTO `t_favorite` VALUES ('5', '1', '22', '123', '2016-09-05 11:32:31');
INSERT INTO `t_favorite` VALUES ('6', '1', '22', '123', '2016-09-05 11:34:11');
INSERT INTO `t_favorite` VALUES ('7', '1', '22', '123', '2016-09-05 11:34:17');
INSERT INTO `t_favorite` VALUES ('8', '1', '23', '124', '2016-09-05 12:34:36');
INSERT INTO `t_favorite` VALUES ('9', '1', '20', '有人向我反馈了一个bug', '2016-09-07 10:42:10');
INSERT INTO `t_favorite` VALUES ('10', '1', '19', '作为一个程序员我最大的遗憾', '2016-09-07 10:44:11');

-- ----------------------------
-- Table structure for t_log
-- ----------------------------
DROP TABLE IF EXISTS `t_log`;
CREATE TABLE `t_log` (
  `record_id` int(32) NOT NULL AUTO_INCREMENT,
  `type` varchar(200) NOT NULL COMMENT '日志类型',
  `old_content` varchar(10000) DEFAULT NULL COMMENT '修改前内容',
  `new_content` varchar(10000) DEFAULT NULL COMMENT '修改后内容',
  `user_id` int(32) NOT NULL COMMENT '操作人员id',
  `username` varchar(100) NOT NULL COMMENT '操作人员用户名',
  `create_time` timestamp NOT NULL DEFAULT CURRENT_TIMESTAMP ON UPDATE CURRENT_TIMESTAMP,
  `modify_time` timestamp NOT NULL DEFAULT '0000-00-00 00:00:00',
  PRIMARY KEY (`record_id`)
) ENGINE=InnoDB AUTO_INCREMENT=75 DEFAULT CHARSET=utf8;

-- ----------------------------
-- Records of t_log
-- ----------------------------
INSERT INTO `t_log` VALUES ('56', '系统登陆', null, 'ip:0:0:0:0:0:0:0:1', '1', '爱吃猫的鱼1', '2016-09-04 14:20:39', '2016-09-04 14:20:39');
INSERT INTO `t_log` VALUES ('57', '系统登陆', null, 'ip:0:0:0:0:0:0:0:1', '1', '爱吃猫的鱼1', '2016-09-04 14:36:32', '2016-09-04 14:36:33');
INSERT INTO `t_log` VALUES ('58', '系统登陆', null, 'ip:0:0:0:0:0:0:0:1', '1', '爱吃猫的鱼1', '2016-09-04 14:37:33', '2016-09-04 14:37:34');
INSERT INTO `t_log` VALUES ('59', '系统登陆', null, 'ip:0:0:0:0:0:0:0:1', '1', '爱吃猫的鱼1', '2016-09-04 16:51:06', '2016-09-04 16:51:06');
INSERT INTO `t_log` VALUES ('60', '系统登陆', null, 'ip:0:0:0:0:0:0:0:1', '1', '爱吃猫的鱼1', '2016-09-04 17:48:21', '2016-09-04 17:48:22');
INSERT INTO `t_log` VALUES ('61', '系统登陆', null, 'ip:0:0:0:0:0:0:0:1', '14', 'wdd', '2016-09-04 18:29:04', '2016-09-04 18:29:05');
INSERT INTO `t_log` VALUES ('62', '系统登陆', null, 'ip:0:0:0:0:0:0:0:1', '1', '爱吃猫的鱼1', '2016-09-04 20:12:16', '2016-09-04 20:12:16');
INSERT INTO `t_log` VALUES ('63', '系统登陆', null, 'ip:127.0.0.1', '1', '爱吃猫的鱼1', '2016-09-07 14:39:17', '2016-09-07 14:39:17');
INSERT INTO `t_log` VALUES ('64', '系统登陆', null, 'ip:127.0.0.1', '1', '爱吃猫的鱼1', '2016-09-07 15:05:58', '2016-09-07 15:05:58');
INSERT INTO `t_log` VALUES ('65', '系统登陆', null, 'ip:127.0.0.1', '1', '爱吃猫的鱼1', '2016-09-07 17:13:38', '2016-09-07 17:13:38');
INSERT INTO `t_log` VALUES ('66', '系统登陆', null, 'ip:127.0.0.1', '1', '爱吃猫的鱼1', '2016-09-07 18:25:40', '2016-09-07 18:25:40');
INSERT INTO `t_log` VALUES ('67', '系统登陆', null, 'ip:127.0.0.1', '1', '爱吃猫的鱼1', '2016-09-07 18:28:25', '2016-09-07 18:28:25');
INSERT INTO `t_log` VALUES ('68', '系统登陆', null, 'ip:127.0.0.1', '1', '爱吃猫的鱼1', '2016-09-08 08:35:59', '2016-09-08 08:35:59');
INSERT INTO `t_log` VALUES ('69', '系统登陆', null, 'ip:127.0.0.1', '1', '爱吃猫的鱼1', '2016-09-08 09:00:17', '2016-09-08 09:00:17');
INSERT INTO `t_log` VALUES ('70', '系统登陆', null, 'ip:127.0.0.1', '1', '爱吃猫的鱼1', '2016-09-08 12:53:10', '2016-09-08 12:53:10');
INSERT INTO `t_log` VALUES ('71', '系统登陆', null, 'ip:127.0.0.1', '1', '爱吃猫的鱼1', '2016-09-08 13:09:06', '2016-09-08 13:09:06');
INSERT INTO `t_log` VALUES ('72', '系统登陆', null, 'ip:127.0.0.1', '1', '爱吃猫的鱼1', '2016-09-08 14:21:41', '2016-09-08 14:21:41');
INSERT INTO `t_log` VALUES ('73', '系统登陆', null, 'ip:127.0.0.1', '1', '爱吃猫的鱼1', '2016-09-08 14:37:01', '2016-09-08 14:37:01');
INSERT INTO `t_log` VALUES ('74', '系统登陆', null, 'ip:127.0.0.1', '1', '爱吃猫的鱼1', '2016-09-08 15:22:53', '2016-09-08 15:22:53');

-- ----------------------------
-- Table structure for t_menu
-- ----------------------------
DROP TABLE IF EXISTS `t_menu`;
CREATE TABLE `t_menu` (
  `record_id` int(32) NOT NULL AUTO_INCREMENT,
  `name` varchar(30) NOT NULL,
  `url` varchar(50) NOT NULL,
  `parent` int(32) DEFAULT NULL COMMENT '类型，0、web 1、admin',
  `order_no` int(32) NOT NULL,
  `remark` varchar(100) DEFAULT NULL,
  `modify_time` timestamp NOT NULL DEFAULT CURRENT_TIMESTAMP ON UPDATE CURRENT_TIMESTAMP,
  `create_time` timestamp NOT NULL DEFAULT '0000-00-00 00:00:00',
  PRIMARY KEY (`record_id`)
) ENGINE=InnoDB AUTO_INCREMENT=9 DEFAULT CHARSET=utf8;

-- ----------------------------
-- Records of t_menu
-- ----------------------------
INSERT INTO `t_menu` VALUES ('2', '程序人生', '/article/list.do', null, '10', null, '2016-09-08 15:53:53', '2016-08-30 08:57:38');
INSERT INTO `t_menu` VALUES ('3', '知识问答', '/article/list.do', null, '20', null, '2016-09-08 15:53:56', '2016-08-30 08:58:35');
INSERT INTO `t_menu` VALUES ('4', '轻松一下', '/article/list.do', null, '30', null, '2016-09-08 15:53:59', '2016-08-30 08:59:22');
INSERT INTO `t_menu` VALUES ('5', '职场励志', '/article/list.do', null, '40', null, '2016-09-08 15:54:02', '2016-08-30 09:00:17');
INSERT INTO `t_menu` VALUES ('6', 'JAVA', '/article/list.do', '2', '11', null, '2016-09-08 15:54:06', '2016-09-08 15:44:07');
INSERT INTO `t_menu` VALUES ('8', '123', 'www.google.com', '2', '12', null, '2016-09-08 17:02:04', '2016-09-08 17:02:03');

-- ----------------------------
-- Table structure for t_menu_article
-- ----------------------------
DROP TABLE IF EXISTS `t_menu_article`;
CREATE TABLE `t_menu_article` (
  `record_id` int(32) NOT NULL AUTO_INCREMENT,
  `menu_id` int(32) NOT NULL,
  `article_id` int(32) NOT NULL,
  `article_title` varchar(200) DEFAULT NULL,
  `create_time` timestamp NOT NULL DEFAULT CURRENT_TIMESTAMP ON UPDATE CURRENT_TIMESTAMP,
  PRIMARY KEY (`record_id`)
) ENGINE=InnoDB AUTO_INCREMENT=9 DEFAULT CHARSET=utf8;

-- ----------------------------
-- Records of t_menu_article
-- ----------------------------
INSERT INTO `t_menu_article` VALUES ('1', '2', '17', null, '2016-09-07 12:52:31');
INSERT INTO `t_menu_article` VALUES ('2', '2', '18', null, '2016-09-07 12:55:28');
INSERT INTO `t_menu_article` VALUES ('3', '2', '19', null, '2016-09-07 12:55:34');
INSERT INTO `t_menu_article` VALUES ('4', '3', '20', null, '2016-09-07 12:55:41');
INSERT INTO `t_menu_article` VALUES ('5', '4', '21', null, '2016-09-07 12:55:47');
INSERT INTO `t_menu_article` VALUES ('6', '5', '22', null, '2016-09-07 12:55:52');
INSERT INTO `t_menu_article` VALUES ('7', '5', '23', null, '2016-09-07 12:56:00');
INSERT INTO `t_menu_article` VALUES ('8', '4', '24', null, '2016-09-07 12:56:09');

-- ----------------------------
-- Table structure for t_privilege
-- ----------------------------
DROP TABLE IF EXISTS `t_privilege`;
CREATE TABLE `t_privilege` (
  `record_id` int(10) NOT NULL AUTO_INCREMENT,
  `pid` int(10) DEFAULT NULL,
  `privilege_code` varchar(20) NOT NULL,
  `privilege_name` varchar(200) NOT NULL,
  `url` varchar(200) DEFAULT NULL,
  `remark` varchar(200) DEFAULT NULL,
  `icon_cls` varchar(20) DEFAULT NULL,
  `resourcetype` int(1) DEFAULT NULL,
  `create_time` timestamp NOT NULL DEFAULT '0000-00-00 00:00:00' ON UPDATE CURRENT_TIMESTAMP,
  `modify_time` timestamp NOT NULL DEFAULT '0000-00-00 00:00:00',
  PRIMARY KEY (`record_id`)
) ENGINE=InnoDB AUTO_INCREMENT=21 DEFAULT CHARSET=utf8;

-- ----------------------------
-- Records of t_privilege
-- ----------------------------
INSERT INTO `t_privilege` VALUES ('14', null, 'ITFARM003', '用户模块', '/user/*', null, 'icon-company', '0', '2016-09-04 17:57:35', '2016-09-04 17:57:35');
INSERT INTO `t_privilege` VALUES ('15', '14', 'ITFARM003001', '用户管理', '/user/*', null, 'icon-folder', '0', '2016-09-04 17:58:21', '2016-09-04 17:58:21');
INSERT INTO `t_privilege` VALUES ('16', '15', 'ITFARM003001001', '添加', '/user/add*', null, 'icon-btn', '0', '2016-09-04 18:01:17', '2016-09-04 18:01:17');
INSERT INTO `t_privilege` VALUES ('17', '15', 'ITFARM003001002', '修改', '/user/edit*', null, 'icon-btn', '0', '2016-09-04 18:01:17', '2016-09-04 18:01:17');
INSERT INTO `t_privilege` VALUES ('18', '15', 'ITFARM003001003', '删除', '/user/delete*', null, 'icon-btn', '0', '2016-09-04 18:01:17', '2016-09-04 18:01:17');
INSERT INTO `t_privilege` VALUES ('19', '14', 'ITFARM003002', '角色管理', '/role/*', null, 'icon-folder', '0', '2016-09-04 18:12:17', '2016-09-04 18:12:17');
INSERT INTO `t_privilege` VALUES ('20', '19', 'ITFARM003002001', '添加', '/role/add*', null, 'icon-btn', '0', '2016-09-04 18:12:58', '2016-09-04 18:12:58');

-- ----------------------------
-- Table structure for t_role
-- ----------------------------
DROP TABLE IF EXISTS `t_role`;
CREATE TABLE `t_role` (
  `record_id` int(10) NOT NULL AUTO_INCREMENT,
  `name` varchar(50) NOT NULL,
  `remark` varchar(200) DEFAULT NULL,
  `create_time` timestamp NOT NULL DEFAULT '0000-00-00 00:00:00',
  `modify_time` timestamp NOT NULL DEFAULT '0000-00-00 00:00:00',
  PRIMARY KEY (`record_id`)
) ENGINE=InnoDB AUTO_INCREMENT=21 DEFAULT CHARSET=utf8;

-- ----------------------------
-- Records of t_role
-- ----------------------------
INSERT INTO `t_role` VALUES ('1', '用户', '普通用户', '2016-08-15 15:24:33', '2016-08-15 15:24:32');
INSERT INTO `t_role` VALUES ('2', '管理员', '管理员', '2016-08-15 15:24:36', '2016-08-15 15:24:34');
INSERT INTO `t_role` VALUES ('3', '超级管理员', '拥有一切权限', '2016-08-16 10:31:39', '2016-08-16 10:31:39');
INSERT INTO `t_role` VALUES ('20', '123124', '124', '2016-09-08 08:36:55', '2016-09-08 08:36:55');

-- ----------------------------
-- Table structure for t_role_privilege
-- ----------------------------
DROP TABLE IF EXISTS `t_role_privilege`;
CREATE TABLE `t_role_privilege` (
  `record_id` int(10) NOT NULL AUTO_INCREMENT,
  `role_id` int(10) NOT NULL,
  `privilege_id` int(10) NOT NULL,
  `privilege_code` varchar(20) DEFAULT NULL,
  `create_time` timestamp NOT NULL DEFAULT '0000-00-00 00:00:00' ON UPDATE CURRENT_TIMESTAMP,
  PRIMARY KEY (`record_id`)
) ENGINE=InnoDB AUTO_INCREMENT=16 DEFAULT CHARSET=utf8;

-- ----------------------------
-- Records of t_role_privilege
-- ----------------------------
INSERT INTO `t_role_privilege` VALUES ('9', '3', '14', 'ITFARM003', '2016-09-04 18:32:07');
INSERT INTO `t_role_privilege` VALUES ('10', '3', '15', 'ITFARM003001', '2016-09-04 18:32:07');
INSERT INTO `t_role_privilege` VALUES ('11', '3', '16', 'ITFARM003001001', '2016-09-04 18:32:07');
INSERT INTO `t_role_privilege` VALUES ('12', '3', '17', 'ITFARM003001002', '2016-09-04 18:32:07');
INSERT INTO `t_role_privilege` VALUES ('13', '3', '18', 'ITFARM003001003', '2016-09-04 18:32:07');
INSERT INTO `t_role_privilege` VALUES ('14', '3', '19', 'ITFARM003002', '2016-09-04 18:32:08');
INSERT INTO `t_role_privilege` VALUES ('15', '3', '20', 'ITFARM003002001', '2016-09-04 18:32:08');

-- ----------------------------
-- Table structure for t_system_config
-- ----------------------------
DROP TABLE IF EXISTS `t_system_config`;
CREATE TABLE `t_system_config` (
  `record_id` int(32) NOT NULL AUTO_INCREMENT,
  `web_url` varchar(200) NOT NULL DEFAULT '' COMMENT '访问地址',
  `admin_url` varchar(200) NOT NULL DEFAULT '',
  `web_name` varchar(20) NOT NULL COMMENT 'web项目名',
  `admin_name` varchar(20) NOT NULL COMMENT 'admin项目名',
  `web_title` varchar(100) NOT NULL COMMENT 'web标题',
  `admin_title` varchar(100) NOT NULL COMMENT '后台标题',
  `web_menu_count` int(32) NOT NULL COMMENT 'web菜单数',
  `admin_menu_count` int(32) NOT NULL COMMENT '后台菜单数',
  `article_count` int(32) NOT NULL COMMENT '文章数量',
  `language` varchar(100) NOT NULL COMMENT '系统语言',
  `encoding` varchar(20) NOT NULL COMMENT '编码',
  `modify_time` timestamp NOT NULL DEFAULT CURRENT_TIMESTAMP ON UPDATE CURRENT_TIMESTAMP COMMENT '修改时间',
  `create_time` timestamp NOT NULL DEFAULT '0000-00-00 00:00:00' COMMENT '安装时间',
  `last_modify_user` varchar(100) DEFAULT NULL COMMENT '最后修改人',
  PRIMARY KEY (`record_id`)
) ENGINE=InnoDB AUTO_INCREMENT=2 DEFAULT CHARSET=utf8;

-- ----------------------------
-- Records of t_system_config
-- ----------------------------
INSERT INTO `t_system_config` VALUES ('1', 'http://localhost:8888/itfarm-web/', 'http://localhost:8080/itfarm-admin/', 'itfarm-web', 'itfarm-admin', '程序猿的世界，你不懂', 'ITFARM后台管理中心1', '0', '0', '0', 'zh_cn', 'UTF-8', '2016-09-08 14:40:16', '2016-08-29 10:37:43', '爱吃猫的鱼');

-- ----------------------------
-- Table structure for t_user
-- ----------------------------
DROP TABLE IF EXISTS `t_user`;
CREATE TABLE `t_user` (
  `record_id` int(32) NOT NULL AUTO_INCREMENT,
  `username` varchar(200) NOT NULL COMMENT '用户名',
  `telephone` varchar(11) DEFAULT NULL COMMENT '手机号码',
  `sex` int(1) DEFAULT NULL COMMENT '性别',
  `password` varchar(32) NOT NULL COMMENT '密码',
  `age` int(3) DEFAULT NULL COMMENT '年龄',
  `status` int(1) NOT NULL COMMENT '状态（1、正常 2、停用）',
  `address` varchar(200) DEFAULT NULL COMMENT '地址',
  `photo` varchar(200) DEFAULT NULL COMMENT '头像',
  `email` varchar(200) DEFAULT NULL COMMENT '邮箱',
  `qq` varchar(200) DEFAULT NULL COMMENT 'qq',
  `nickname` varchar(200) DEFAULT NULL COMMENT '昵称',
  `register_time` timestamp NOT NULL DEFAULT '0000-00-00 00:00:00' ON UPDATE CURRENT_TIMESTAMP,
  `modify_time` timestamp NOT NULL DEFAULT '0000-00-00 00:00:00',
  PRIMARY KEY (`record_id`)
) ENGINE=InnoDB AUTO_INCREMENT=16 DEFAULT CHARSET=utf8;

-- ----------------------------
-- Records of t_user
-- ----------------------------
INSERT INTO `t_user` VALUES ('1', 'wdd', '18888888888', '2', '202CB962AC59075B964B07152D234B70', '22', '1', '安徽灵璧1', null, 'asdds', '812908087', '爱吃猫的鱼1', '2016-08-31 10:57:35', '2016-08-31 10:57:35');
INSERT INTO `t_user` VALUES ('14', 'test', '22222222222', '1', '81DC9BDB52D04DC20036DBD8313ED055', '22', '1', '安徽', null, '110@qq.com', '23123213', 'wdd', '2016-09-04 18:19:55', '2016-09-04 18:19:55');
INSERT INTO `t_user` VALUES ('15', 'shenke', '1123213', null, '202CB962AC59075B964B07152D234B70', null, '1', null, null, null, null, '123', '2016-09-05 13:53:07', '2016-09-05 13:53:07');

-- ----------------------------
-- Table structure for t_user_role
-- ----------------------------
DROP TABLE IF EXISTS `t_user_role`;
CREATE TABLE `t_user_role` (
  `record_id` int(10) NOT NULL AUTO_INCREMENT,
  `user_id` int(10) NOT NULL,
  `role_id` int(10) NOT NULL,
  `create_time` timestamp NOT NULL DEFAULT '0000-00-00 00:00:00' ON UPDATE CURRENT_TIMESTAMP,
  PRIMARY KEY (`record_id`)
) ENGINE=InnoDB AUTO_INCREMENT=8 DEFAULT CHARSET=utf8;

-- ----------------------------
-- Records of t_user_role
-- ----------------------------
INSERT INTO `t_user_role` VALUES ('4', '1', '1', '2016-08-31 10:57:35');
INSERT INTO `t_user_role` VALUES ('5', '1', '2', '2016-08-31 10:57:35');
INSERT INTO `t_user_role` VALUES ('6', '1', '3', '2016-08-31 10:57:35');
INSERT INTO `t_user_role` VALUES ('7', '14', '1', '2016-09-04 18:19:55');
